year,gdpGrowth,gdpGrowthStatus,gdpGrowthSourceStatus,evidence
FY2017,4.61,not-stated,2016-17,"{""gdpGrowth"":{""artifactId"":""GDP_table.xlsx:6bcf5cac2a6f2e34acd03f0332eb92132a9b36d5b9ef8bf04245f74d9a449761:8c69f6d3578b"",""sourceKey"":""GDP_table.xlsx"",""retrievedAt"":""2026-09-30T21:58:00.092Z"",""locator"":{""sheet"":""Annual"",""row"":6,""column"":21,""cell"":""U6""},""rawValue"":4.608602833237811,""unit"":""%"",""sourceUnit"":""GDP Growth Rate (%)"",""periodHeader"":{""row"":5,""column"":21,""cell"":""U5"",""text"":""2016-17""},""unitHeader"":{""row"":6,""column"":3,""cell"":""C6"",""text"":""GDP Growth Rate (%)""}}}"
FY2018,6.1,not-stated,2017-18,"{""gdpGrowth"":{""artifactId"":""GDP_table.xlsx:6bcf5cac2a6f2e34acd03f0332eb92132a9b36d5b9ef8bf04245f74d9a449761:8c69f6d3578b"",""sourceKey"":""GDP_table.xlsx"",""retrievedAt"":""2026-09-30T21:58:00.092Z"",""locator"":{""sheet"":""Annual"",""row"":6,""column"":22,""cell"":""V6""},""rawValue"":6.095758544149319,""unit"":""%"",""sourceUnit"":""GDP Growth Rate (%)"",""periodHeader"":{""row"":5,""column"":22,""cell"":""V5"",""text"":""2017-18""},""unitHeader"":{""row"":6,""column"":3,""cell"":""C6"",""text"":""GDP Growth Rate (%)""}}}"
FY2019,3.12,not-stated,2018-19,"{""gdpGrowth"":{""artifactId"":""GDP_table.xlsx:6bcf5cac2a6f2e34acd03f0332eb92132a9b36d5b9ef8bf04245f74d9a449761:8c69f6d3578b"",""sourceKey"":""GDP_table.xlsx"",""retrievedAt"":""2026-09-30T21:58:00.092Z"",""locator"":{""sheet"":""Annual"",""row"":6,""column"":23,""cell"":""W6""},""rawValue"":3.120002528085081,""unit"":""%"",""sourceUnit"":""GDP Growth Rate (%)"",""periodHeader"":{""row"":5,""column"":23,""cell"":""W5"",""text"":""2018-19""},""unitHeader"":{""row"":6,""column"":3,""cell"":""C6"",""text"":""GDP Growth Rate (%)""}}}"
FY2020,-0.94,not-stated,2019-20,"{""gdpGrowth"":{""artifactId"":""GDP_table.xlsx:6bcf5cac2a6f2e34acd03f0332eb92132a9b36d5b9ef8bf04245f74d9a449761:8c69f6d3578b"",""sourceKey"":""GDP_table.xlsx"",""retrievedAt"":""2026-09-30T21:58:00.092Z"",""locator"":{""sheet"":""Annual"",""row"":6,""column"":24,""cell"":""X6""},""rawValue"":-0.9433371899179406,""unit"":""%"",""sourceUnit"":""GDP Growth Rate (%)"",""periodHeader"":{""row"":5,""column"":24,""cell"":""X5"",""text"":""2019-20""},""unitHeader"":{""row"":6,""column"":3,""cell"":""C6"",""text"":""GDP Growth Rate (%)""}}}"
FY2021,5.77,not-stated,2020-21,"{""gdpGrowth"":{""artifactId"":""GDP_table.xlsx:6bcf5cac2a6f2e34acd03f0332eb92132a9b36d5b9ef8bf04245f74d9a449761:8c69f6d3578b"",""sourceKey"":""GDP_table.xlsx"",""retrievedAt"":""2026-09-30T21:58:00.092Z"",""locator"":{""sheet"":""Annual"",""row"":6,""column"":25,""cell"":""Y6""},""rawValue"":5.770481195570596,""unit"":""%"",""sourceUnit"":""GDP Growth Rate (%)"",""periodHeader"":{""row"":5,""column"":25,""cell"":""Y5"",""text"":""2020-21""},""unitHeader"":{""row"":6,""column"":3,""cell"":""C6"",""text"":""GDP Growth Rate (%)""}}}"
FY2022,6.18,not-stated,2021-22,"{""gdpGrowth"":{""artifactId"":""GDP_table.xlsx:6bcf5cac2a6f2e34acd03f0332eb92132a9b36d5b9ef8bf04245f74d9a449761:8c69f6d3578b"",""sourceKey"":""GDP_table.xlsx"",""retrievedAt"":""2026-09-30T21:58:00.092Z"",""locator"":{""sheet"":""Annual"",""row"":6,""column"":26,""cell"":""Z6""},""rawValue"":6.179947003049165,""unit"":""%"",""sourceUnit"":""GDP Growth Rate (%)"",""periodHeader"":{""row"":5,""column"":26,""cell"":""Z5"",""text"":""2021-22""},""unitHeader"":{""row"":6,""column"":3,""cell"":""C6"",""text"":""GDP Growth Rate (%)""}}}"
FY2023,-0.21,not-stated,2022-23,"{""gdpGrowth"":{""artifactId"":""GDP_table.xlsx:6bcf5cac2a6f2e34acd03f0332eb92132a9b36d5b9ef8bf04245f74d9a449761:8c69f6d3578b"",""sourceKey"":""GDP_table.xlsx"",""retrievedAt"":""2026-09-30T21:58:00.092Z"",""locator"":{""sheet"":""Annual"",""row"":6,""column"":27,""cell"":""AA6""},""rawValue"":-0.2123637408394643,""unit"":""%"",""sourceUnit"":""GDP Growth Rate (%)"",""periodHeader"":{""row"":5,""column"":27,""cell"":""AA5"",""text"":""2022-23""},""unitHeader"":{""row"":6,""column"":3,""cell"":""C6"",""text"":""GDP Growth Rate (%)""}}}"
FY2024,2.62,not-stated,2023-24,"{""gdpGrowth"":{""artifactId"":""GDP_table.xlsx:6bcf5cac2a6f2e34acd03f0332eb92132a9b36d5b9ef8bf04245f74d9a449761:8c69f6d3578b"",""sourceKey"":""GDP_table.xlsx"",""retrievedAt"":""2026-09-30T21:58:00.092Z"",""locator"":{""sheet"":""Annual"",""row"":6,""column"":28,""cell"":""AB6""},""rawValue"":2.6218267226934273,""unit"":""%"",""sourceUnit"":""GDP Growth Rate (%)"",""periodHeader"":{""row"":5,""column"":28,""cell"":""AB5"",""text"":""2023-24""},""unitHeader"":{""row"":6,""column"":3,""cell"":""C6"",""text"":""GDP Growth Rate (%)""}}}"
FY2025,3.18,not-stated,2024-25,"{""gdpGrowth"":{""artifactId"":""GDP_table.xlsx:6bcf5cac2a6f2e34acd03f0332eb92132a9b36d5b9ef8bf04245f74d9a449761:8c69f6d3578b"",""sourceKey"":""GDP_table.xlsx"",""retrievedAt"":""2026-09-30T21:58:00.092Z"",""locator"":{""sheet"":""Annual"",""row"":6,""column"":29,""cell"":""AC6""},""rawValue"":3.1813236833322094,""unit"":""%"",""sourceUnit"":""GDP Growth Rate (%)"",""periodHeader"":{""row"":5,""column"":29,""cell"":""AC5"",""text"":""2024-25""},""unitHeader"":{""row"":6,""column"":3,""cell"":""C6"",""text"":""GDP Growth Rate (%)""}}}"
FY2026,3.7,not-stated,2025-26,"{""gdpGrowth"":{""artifactId"":""GDP_table.xlsx:6bcf5cac2a6f2e34acd03f0332eb92132a9b36d5b9ef8bf04245f74d9a449761:8c69f6d3578b"",""sourceKey"":""GDP_table.xlsx"",""retrievedAt"":""2026-09-30T21:58:00.092Z"",""locator"":{""sheet"":""Annual"",""row"":6,""column"":30,""cell"":""AD6""},""rawValue"":3.701874914329025,""unit"":""%"",""sourceUnit"":""GDP Growth Rate (%)"",""periodHeader"":{""row"":5,""column"":30,""cell"":""AD5"",""text"":""2025-26""},""unitHeader"":{""row"":6,""column"":3,""cell"":""C6"",""text"":""GDP Growth Rate (%)""}}}"
