date,imports,exports,balance,status,sourceStatus,unit,evidence
2021-01,4412,2100,-2312,not-stated,,US$ million,"{""exports"":{""artifactId"":""exp_import_BOP.xls:7f8ce136f1e06f8ba6981f9ecb09c98effffe368485f52ccba0c93cb152eb55d:5fb0e377cf3b"",""sourceKey"":""exp_import_BOP.xls"",""retrievedAt"":""2026-09-30T21:57:56.136Z"",""locator"":{""sheet"":""Exp.Imp.(BOP)Arch"",""row"":724,""column"":5,""cell"":""E724""},""rawValue"":2099.980226},""imports"":{""artifactId"":""exp_import_BOP.xls:7f8ce136f1e06f8ba6981f9ecb09c98effffe368485f52ccba0c93cb152eb55d:5fb0e377cf3b"",""sourceKey"":""exp_import_BOP.xls"",""retrievedAt"":""2026-09-30T21:57:56.136Z"",""locator"":{""sheet"":""Exp.Imp.(BOP)Arch"",""row"":724,""column"":9,""cell"":""I724""},""rawValue"":4411.999524560317},""balance"":{""artifactId"":""exp_import_BOP.xls:7f8ce136f1e06f8ba6981f9ecb09c98effffe368485f52ccba0c93cb152eb55d:5fb0e377cf3b"",""sourceKey"":""exp_import_BOP.xls"",""retrievedAt"":""2026-09-30T21:57:56.136Z"",""locator"":{""sheet"":""Exp.Imp.(BOP)Arch"",""row"":724,""column"":13,""cell"":""M724""},""rawValue"":-2312.0192985603167}}"
2021-02,4476,2184,-2292,not-stated,,US$ million,"{""exports"":{""artifactId"":""exp_import_BOP.xls:7f8ce136f1e06f8ba6981f9ecb09c98effffe368485f52ccba0c93cb152eb55d:5fb0e377cf3b"",""sourceKey"":""exp_import_BOP.xls"",""retrievedAt"":""2026-09-30T21:57:56.136Z"",""locator"":{""sheet"":""Exp.Imp.(BOP)Arch"",""row"":725,""column"":5,""cell"":""E725""},""rawValue"":2183.9585106289646},""imports"":{""artifactId"":""exp_import_BOP.xls:7f8ce136f1e06f8ba6981f9ecb09c98effffe368485f52ccba0c93cb152eb55d:5fb0e377cf3b"",""sourceKey"":""exp_import_BOP.xls"",""retrievedAt"":""2026-09-30T21:57:56.136Z"",""locator"":{""sheet"":""Exp.Imp.(BOP)Arch"",""row"":725,""column"":9,""cell"":""I725""},""rawValue"":4476.039735352699},""balance"":{""artifactId"":""exp_import_BOP.xls:7f8ce136f1e06f8ba6981f9ecb09c98effffe368485f52ccba0c93cb152eb55d:5fb0e377cf3b"",""sourceKey"":""exp_import_BOP.xls"",""retrievedAt"":""2026-09-30T21:57:56.136Z"",""locator"":{""sheet"":""Exp.Imp.(BOP)Arch"",""row"":725,""column"":13,""cell"":""M725""},""rawValue"":-2292.081224723734}}"
2021-03,5392,2616,-2776,not-stated,,US$ million,"{""exports"":{""artifactId"":""exp_import_BOP.xls:7f8ce136f1e06f8ba6981f9ecb09c98effffe368485f52ccba0c93cb152eb55d:5fb0e377cf3b"",""sourceKey"":""exp_import_BOP.xls"",""retrievedAt"":""2026-09-30T21:57:56.136Z"",""locator"":{""sheet"":""Exp.Imp.(BOP)Arch"",""row"":726,""column"":5,""cell"":""E726""},""rawValue"":2616.0230512355743},""imports"":{""artifactId"":""exp_import_BOP.xls:7f8ce136f1e06f8ba6981f9ecb09c98effffe368485f52ccba0c93cb152eb55d:5fb0e377cf3b"",""sourceKey"":""exp_import_BOP.xls"",""retrievedAt"":""2026-09-30T21:57:56.136Z"",""locator"":{""sheet"":""Exp.Imp.(BOP)Arch"",""row"":726,""column"":9,""cell"":""I726""},""rawValue"":5391.964827781289},""balance"":{""artifactId"":""exp_import_BOP.xls:7f8ce136f1e06f8ba6981f9ecb09c98effffe368485f52ccba0c93cb152eb55d:5fb0e377cf3b"",""sourceKey"":""exp_import_BOP.xls"",""retrievedAt"":""2026-09-30T21:57:56.136Z"",""locator"":{""sheet"":""Exp.Imp.(BOP)Arch"",""row"":726,""column"":13,""cell"":""M726""},""rawValue"":-2775.941776545715}}"
2021-04,4975,2304,-2671,not-stated,,US$ million,"{""exports"":{""artifactId"":""exp_import_BOP.xls:7f8ce136f1e06f8ba6981f9ecb09c98effffe368485f52ccba0c93cb152eb55d:5fb0e377cf3b"",""sourceKey"":""exp_import_BOP.xls"",""retrievedAt"":""2026-09-30T21:57:56.136Z"",""locator"":{""sheet"":""Exp.Imp.(BOP)Arch"",""row"":727,""column"":5,""cell"":""E727""},""rawValue"":2303.958905025422},""imports"":{""artifactId"":""exp_import_BOP.xls:7f8ce136f1e06f8ba6981f9ecb09c98effffe368485f52ccba0c93cb152eb55d:5fb0e377cf3b"",""sourceKey"":""exp_import_BOP.xls"",""retrievedAt"":""2026-09-30T21:57:56.136Z"",""locator"":{""sheet"":""Exp.Imp.(BOP)Arch"",""row"":727,""column"":9,""cell"":""I727""},""rawValue"":4974.962849987959},""balance"":{""artifactId"":""exp_import_BOP.xls:7f8ce136f1e06f8ba6981f9ecb09c98effffe368485f52ccba0c93cb152eb55d:5fb0e377cf3b"",""sourceKey"":""exp_import_BOP.xls"",""retrievedAt"":""2026-09-30T21:57:56.136Z"",""locator"":{""sheet"":""Exp.Imp.(BOP)Arch"",""row"":727,""column"":13,""cell"":""M727""},""rawValue"":-2671.003944962537}}"
2021-05,4934,2130,-2804,not-stated,,US$ million,"{""exports"":{""artifactId"":""exp_import_BOP.xls:7f8ce136f1e06f8ba6981f9ecb09c98effffe368485f52ccba0c93cb152eb55d:5fb0e377cf3b"",""sourceKey"":""exp_import_BOP.xls"",""retrievedAt"":""2026-09-30T21:57:56.136Z"",""locator"":{""sheet"":""Exp.Imp.(BOP)Arch"",""row"":728,""column"":5,""cell"":""E728""},""rawValue"":2130.0041442475745},""imports"":{""artifactId"":""exp_import_BOP.xls:7f8ce136f1e06f8ba6981f9ecb09c98effffe368485f52ccba0c93cb152eb55d:5fb0e377cf3b"",""sourceKey"":""exp_import_BOP.xls"",""retrievedAt"":""2026-09-30T21:57:56.136Z"",""locator"":{""sheet"":""Exp.Imp.(BOP)Arch"",""row"":728,""column"":9,""cell"":""I728""},""rawValue"":4933.9768829551185},""balance"":{""artifactId"":""exp_import_BOP.xls:7f8ce136f1e06f8ba6981f9ecb09c98effffe368485f52ccba0c93cb152eb55d:5fb0e377cf3b"",""sourceKey"":""exp_import_BOP.xls"",""retrievedAt"":""2026-09-30T21:57:56.136Z"",""locator"":{""sheet"":""Exp.Imp.(BOP)Arch"",""row"":728,""column"":13,""cell"":""M728""},""rawValue"":-2803.972738707544}}"
2021-06,6302,2492,-3810,not-stated,,US$ million,"{""exports"":{""artifactId"":""exp_import_BOP.xls:7f8ce136f1e06f8ba6981f9ecb09c98effffe368485f52ccba0c93cb152eb55d:5fb0e377cf3b"",""sourceKey"":""exp_import_BOP.xls"",""retrievedAt"":""2026-09-30T21:57:56.136Z"",""locator"":{""sheet"":""Exp.Imp.(BOP)Arch"",""row"":729,""column"":5,""cell"":""E729""},""rawValue"":2491.985375128079},""imports"":{""artifactId"":""exp_import_BOP.xls:7f8ce136f1e06f8ba6981f9ecb09c98effffe368485f52ccba0c93cb152eb55d:5fb0e377cf3b"",""sourceKey"":""exp_import_BOP.xls"",""retrievedAt"":""2026-09-30T21:57:56.136Z"",""locator"":{""sheet"":""Exp.Imp.(BOP)Arch"",""row"":729,""column"":9,""cell"":""I729""},""rawValue"":6301.988525846348},""balance"":{""artifactId"":""exp_import_BOP.xls:7f8ce136f1e06f8ba6981f9ecb09c98effffe368485f52ccba0c93cb152eb55d:5fb0e377cf3b"",""sourceKey"":""exp_import_BOP.xls"",""retrievedAt"":""2026-09-30T21:57:56.136Z"",""locator"":{""sheet"":""Exp.Imp.(BOP)Arch"",""row"":729,""column"":13,""cell"":""M729""},""rawValue"":-3810.0031507182694}}"
2021-07,5278,2234,-3044,not-stated,,US$ million,"{""exports"":{""artifactId"":""exp_import_BOP.xls:7f8ce136f1e06f8ba6981f9ecb09c98effffe368485f52ccba0c93cb152eb55d:5fb0e377cf3b"",""sourceKey"":""exp_import_BOP.xls"",""retrievedAt"":""2026-09-30T21:57:56.136Z"",""locator"":{""sheet"":""Exp.Imp.(BOP)Arch"",""row"":731,""column"":5,""cell"":""E731""},""rawValue"":2234.0233159182026},""imports"":{""artifactId"":""exp_import_BOP.xls:7f8ce136f1e06f8ba6981f9ecb09c98effffe368485f52ccba0c93cb152eb55d:5fb0e377cf3b"",""sourceKey"":""exp_import_BOP.xls"",""retrievedAt"":""2026-09-30T21:57:56.136Z"",""locator"":{""sheet"":""Exp.Imp.(BOP)Arch"",""row"":731,""column"":9,""cell"":""I731""},""rawValue"":5277.989146933155},""balance"":{""artifactId"":""exp_import_BOP.xls:7f8ce136f1e06f8ba6981f9ecb09c98effffe368485f52ccba0c93cb152eb55d:5fb0e377cf3b"",""sourceKey"":""exp_import_BOP.xls"",""retrievedAt"":""2026-09-30T21:57:56.136Z"",""locator"":{""sheet"":""Exp.Imp.(BOP)Arch"",""row"":731,""column"":13,""cell"":""M731""},""rawValue"":-3043.9658310149525}}"
2021-08,5869,2339,-3530,not-stated,,US$ million,"{""exports"":{""artifactId"":""exp_import_BOP.xls:7f8ce136f1e06f8ba6981f9ecb09c98effffe368485f52ccba0c93cb152eb55d:5fb0e377cf3b"",""sourceKey"":""exp_import_BOP.xls"",""retrievedAt"":""2026-09-30T21:57:56.136Z"",""locator"":{""sheet"":""Exp.Imp.(BOP)Arch"",""row"":732,""column"":5,""cell"":""E732""},""rawValue"":2338.976621387678},""imports"":{""artifactId"":""exp_import_BOP.xls:7f8ce136f1e06f8ba6981f9ecb09c98effffe368485f52ccba0c93cb152eb55d:5fb0e377cf3b"",""sourceKey"":""exp_import_BOP.xls"",""retrievedAt"":""2026-09-30T21:57:56.136Z"",""locator"":{""sheet"":""Exp.Imp.(BOP)Arch"",""row"":732,""column"":9,""cell"":""I732""},""rawValue"":5869.019026044584},""balance"":{""artifactId"":""exp_import_BOP.xls:7f8ce136f1e06f8ba6981f9ecb09c98effffe368485f52ccba0c93cb152eb55d:5fb0e377cf3b"",""sourceKey"":""exp_import_BOP.xls"",""retrievedAt"":""2026-09-30T21:57:56.136Z"",""locator"":{""sheet"":""Exp.Imp.(BOP)Arch"",""row"":732,""column"":13,""cell"":""M732""},""rawValue"":-3530.0424046569065}}"
2021-09,5951,2627,-3324,not-stated,,US$ million,"{""exports"":{""artifactId"":""exp_import_BOP.xls:7f8ce136f1e06f8ba6981f9ecb09c98effffe368485f52ccba0c93cb152eb55d:5fb0e377cf3b"",""sourceKey"":""exp_import_BOP.xls"",""retrievedAt"":""2026-09-30T21:57:56.136Z"",""locator"":{""sheet"":""Exp.Imp.(BOP)Arch"",""row"":733,""column"":5,""cell"":""E733""},""rawValue"":2627.0216342854565},""imports"":{""artifactId"":""exp_import_BOP.xls:7f8ce136f1e06f8ba6981f9ecb09c98effffe368485f52ccba0c93cb152eb55d:5fb0e377cf3b"",""sourceKey"":""exp_import_BOP.xls"",""retrievedAt"":""2026-09-30T21:57:56.136Z"",""locator"":{""sheet"":""Exp.Imp.(BOP)Arch"",""row"":733,""column"":9,""cell"":""I733""},""rawValue"":5951.018056598439},""balance"":{""artifactId"":""exp_import_BOP.xls:7f8ce136f1e06f8ba6981f9ecb09c98effffe368485f52ccba0c93cb152eb55d:5fb0e377cf3b"",""sourceKey"":""exp_import_BOP.xls"",""retrievedAt"":""2026-09-30T21:57:56.136Z"",""locator"":{""sheet"":""Exp.Imp.(BOP)Arch"",""row"":733,""column"":13,""cell"":""M733""},""rawValue"":-3323.9964223129828}}"
2021-10,5776,2375,-3401,not-stated,,US$ million,"{""exports"":{""artifactId"":""exp_import_BOP.xls:7f8ce136f1e06f8ba6981f9ecb09c98effffe368485f52ccba0c93cb152eb55d:5fb0e377cf3b"",""sourceKey"":""exp_import_BOP.xls"",""retrievedAt"":""2026-09-30T21:57:56.136Z"",""locator"":{""sheet"":""Exp.Imp.(BOP)Arch"",""row"":734,""column"":5,""cell"":""E734""},""rawValue"":2375.018532269378},""imports"":{""artifactId"":""exp_import_BOP.xls:7f8ce136f1e06f8ba6981f9ecb09c98effffe368485f52ccba0c93cb152eb55d:5fb0e377cf3b"",""sourceKey"":""exp_import_BOP.xls"",""retrievedAt"":""2026-09-30T21:57:56.136Z"",""locator"":{""sheet"":""Exp.Imp.(BOP)Arch"",""row"":734,""column"":9,""cell"":""I734""},""rawValue"":5775.95011951704},""balance"":{""artifactId"":""exp_import_BOP.xls:7f8ce136f1e06f8ba6981f9ecb09c98effffe368485f52ccba0c93cb152eb55d:5fb0e377cf3b"",""sourceKey"":""exp_import_BOP.xls"",""retrievedAt"":""2026-09-30T21:57:56.136Z"",""locator"":{""sheet"":""Exp.Imp.(BOP)Arch"",""row"":734,""column"":13,""cell"":""M734""},""rawValue"":-3400.931587247662}}"
2021-11,6252,2737,-3515,not-stated,,US$ million,"{""exports"":{""artifactId"":""exp_import_BOP.xls:7f8ce136f1e06f8ba6981f9ecb09c98effffe368485f52ccba0c93cb152eb55d:5fb0e377cf3b"",""sourceKey"":""exp_import_BOP.xls"",""retrievedAt"":""2026-09-30T21:57:56.136Z"",""locator"":{""sheet"":""Exp.Imp.(BOP)Arch"",""row"":735,""column"":5,""cell"":""E735""},""rawValue"":2736.9537877152143},""imports"":{""artifactId"":""exp_import_BOP.xls:7f8ce136f1e06f8ba6981f9ecb09c98effffe368485f52ccba0c93cb152eb55d:5fb0e377cf3b"",""sourceKey"":""exp_import_BOP.xls"",""retrievedAt"":""2026-09-30T21:57:56.136Z"",""locator"":{""sheet"":""Exp.Imp.(BOP)Arch"",""row"":735,""column"":9,""cell"":""I735""},""rawValue"":6252.001733931212},""balance"":{""artifactId"":""exp_import_BOP.xls:7f8ce136f1e06f8ba6981f9ecb09c98effffe368485f52ccba0c93cb152eb55d:5fb0e377cf3b"",""sourceKey"":""exp_import_BOP.xls"",""retrievedAt"":""2026-09-30T21:57:56.136Z"",""locator"":{""sheet"":""Exp.Imp.(BOP)Arch"",""row"":735,""column"":13,""cell"":""M735""},""rawValue"":-3515.0479462159974}}"
2021-12,6310,2930,-3380,not-stated,,US$ million,"{""exports"":{""artifactId"":""exp_import_BOP.xls:7f8ce136f1e06f8ba6981f9ecb09c98effffe368485f52ccba0c93cb152eb55d:5fb0e377cf3b"",""sourceKey"":""exp_import_BOP.xls"",""retrievedAt"":""2026-09-30T21:57:56.136Z"",""locator"":{""sheet"":""Exp.Imp.(BOP)Arch"",""row"":736,""column"":5,""cell"":""E736""},""rawValue"":2930.0290150791907},""imports"":{""artifactId"":""exp_import_BOP.xls:7f8ce136f1e06f8ba6981f9ecb09c98effffe368485f52ccba0c93cb152eb55d:5fb0e377cf3b"",""sourceKey"":""exp_import_BOP.xls"",""retrievedAt"":""2026-09-30T21:57:56.136Z"",""locator"":{""sheet"":""Exp.Imp.(BOP)Arch"",""row"":736,""column"":9,""cell"":""I736""},""rawValue"":6309.988651057804},""balance"":{""artifactId"":""exp_import_BOP.xls:7f8ce136f1e06f8ba6981f9ecb09c98effffe368485f52ccba0c93cb152eb55d:5fb0e377cf3b"",""sourceKey"":""exp_import_BOP.xls"",""retrievedAt"":""2026-09-30T21:57:56.136Z"",""locator"":{""sheet"":""Exp.Imp.(BOP)Arch"",""row"":736,""column"":13,""cell"":""M736""},""rawValue"":-3379.9596359786137}}"
2022-01,6130,2503,-3627,not-stated,,US$ million,"{""exports"":{""artifactId"":""exp_import_BOP.xls:7f8ce136f1e06f8ba6981f9ecb09c98effffe368485f52ccba0c93cb152eb55d:5fb0e377cf3b"",""sourceKey"":""exp_import_BOP.xls"",""retrievedAt"":""2026-09-30T21:57:56.136Z"",""locator"":{""sheet"":""Exp.Imp.(BOP)Arch"",""row"":737,""column"":5,""cell"":""E737""},""rawValue"":2502.9555491823485},""imports"":{""artifactId"":""exp_import_BOP.xls:7f8ce136f1e06f8ba6981f9ecb09c98effffe368485f52ccba0c93cb152eb55d:5fb0e377cf3b"",""sourceKey"":""exp_import_BOP.xls"",""retrievedAt"":""2026-09-30T21:57:56.136Z"",""locator"":{""sheet"":""Exp.Imp.(BOP)Arch"",""row"":737,""column"":9,""cell"":""I737""},""rawValue"":6130.008567386755},""balance"":{""artifactId"":""exp_import_BOP.xls:7f8ce136f1e06f8ba6981f9ecb09c98effffe368485f52ccba0c93cb152eb55d:5fb0e377cf3b"",""sourceKey"":""exp_import_BOP.xls"",""retrievedAt"":""2026-09-30T21:57:56.136Z"",""locator"":{""sheet"":""Exp.Imp.(BOP)Arch"",""row"":737,""column"":13,""cell"":""M737""},""rawValue"":-3627.0530182044067}}"
2022-02,5066,2890,-2176,not-stated,,US$ million,"{""exports"":{""artifactId"":""exp_import_BOP.xls:7f8ce136f1e06f8ba6981f9ecb09c98effffe368485f52ccba0c93cb152eb55d:5fb0e377cf3b"",""sourceKey"":""exp_import_BOP.xls"",""retrievedAt"":""2026-09-30T21:57:56.136Z"",""locator"":{""sheet"":""Exp.Imp.(BOP)Arch"",""row"":738,""column"":5,""cell"":""E738""},""rawValue"":2890.017180431055},""imports"":{""artifactId"":""exp_import_BOP.xls:7f8ce136f1e06f8ba6981f9ecb09c98effffe368485f52ccba0c93cb152eb55d:5fb0e377cf3b"",""sourceKey"":""exp_import_BOP.xls"",""retrievedAt"":""2026-09-30T21:57:56.136Z"",""locator"":{""sheet"":""Exp.Imp.(BOP)Arch"",""row"":738,""column"":9,""cell"":""I738""},""rawValue"":5065.986501758795},""balance"":{""artifactId"":""exp_import_BOP.xls:7f8ce136f1e06f8ba6981f9ecb09c98effffe368485f52ccba0c93cb152eb55d:5fb0e377cf3b"",""sourceKey"":""exp_import_BOP.xls"",""retrievedAt"":""2026-09-30T21:57:56.136Z"",""locator"":{""sheet"":""Exp.Imp.(BOP)Arch"",""row"":738,""column"":13,""cell"":""M738""},""rawValue"":-2175.9693213277405}}"
2022-03,6114,3071,-3043,not-stated,,US$ million,"{""exports"":{""artifactId"":""exp_import_BOP.xls:7f8ce136f1e06f8ba6981f9ecb09c98effffe368485f52ccba0c93cb152eb55d:5fb0e377cf3b"",""sourceKey"":""exp_import_BOP.xls"",""retrievedAt"":""2026-09-30T21:57:56.136Z"",""locator"":{""sheet"":""Exp.Imp.(BOP)Arch"",""row"":739,""column"":5,""cell"":""E739""},""rawValue"":3070.992293188006},""imports"":{""artifactId"":""exp_import_BOP.xls:7f8ce136f1e06f8ba6981f9ecb09c98effffe368485f52ccba0c93cb152eb55d:5fb0e377cf3b"",""sourceKey"":""exp_import_BOP.xls"",""retrievedAt"":""2026-09-30T21:57:56.136Z"",""locator"":{""sheet"":""Exp.Imp.(BOP)Arch"",""row"":739,""column"":9,""cell"":""I739""},""rawValue"":6114.049320948675},""balance"":{""artifactId"":""exp_import_BOP.xls:7f8ce136f1e06f8ba6981f9ecb09c98effffe368485f52ccba0c93cb152eb55d:5fb0e377cf3b"",""sourceKey"":""exp_import_BOP.xls"",""retrievedAt"":""2026-09-30T21:57:56.136Z"",""locator"":{""sheet"":""Exp.Imp.(BOP)Arch"",""row"":739,""column"":13,""cell"":""M739""},""rawValue"":-3043.057027760669}}"
2022-04,5959,3152,-2807,not-stated,,US$ million,"{""exports"":{""artifactId"":""exp_import_BOP.xls:7f8ce136f1e06f8ba6981f9ecb09c98effffe368485f52ccba0c93cb152eb55d:5fb0e377cf3b"",""sourceKey"":""exp_import_BOP.xls"",""retrievedAt"":""2026-09-30T21:57:56.136Z"",""locator"":{""sheet"":""Exp.Imp.(BOP)Arch"",""row"":740,""column"":5,""cell"":""E740""},""rawValue"":3152.007945827808},""imports"":{""artifactId"":""exp_import_BOP.xls:7f8ce136f1e06f8ba6981f9ecb09c98effffe368485f52ccba0c93cb152eb55d:5fb0e377cf3b"",""sourceKey"":""exp_import_BOP.xls"",""retrievedAt"":""2026-09-30T21:57:56.136Z"",""locator"":{""sheet"":""Exp.Imp.(BOP)Arch"",""row"":740,""column"":9,""cell"":""I740""},""rawValue"":5958.979308520333},""balance"":{""artifactId"":""exp_import_BOP.xls:7f8ce136f1e06f8ba6981f9ecb09c98effffe368485f52ccba0c93cb152eb55d:5fb0e377cf3b"",""sourceKey"":""exp_import_BOP.xls"",""retrievedAt"":""2026-09-30T21:57:56.136Z"",""locator"":{""sheet"":""Exp.Imp.(BOP)Arch"",""row"":740,""column"":13,""cell"":""M740""},""rawValue"":-2806.971362692525}}"
2022-05,5634,2505,-3129,not-stated,,US$ million,"{""exports"":{""artifactId"":""exp_import_BOP.xls:7f8ce136f1e06f8ba6981f9ecb09c98effffe368485f52ccba0c93cb152eb55d:5fb0e377cf3b"",""sourceKey"":""exp_import_BOP.xls"",""retrievedAt"":""2026-09-30T21:57:56.136Z"",""locator"":{""sheet"":""Exp.Imp.(BOP)Arch"",""row"":741,""column"":5,""cell"":""E741""},""rawValue"":2504.967154112951},""imports"":{""artifactId"":""exp_import_BOP.xls:7f8ce136f1e06f8ba6981f9ecb09c98effffe368485f52ccba0c93cb152eb55d:5fb0e377cf3b"",""sourceKey"":""exp_import_BOP.xls"",""retrievedAt"":""2026-09-30T21:57:56.136Z"",""locator"":{""sheet"":""Exp.Imp.(BOP)Arch"",""row"":741,""column"":9,""cell"":""I741""},""rawValue"":5633.989875325708},""balance"":{""artifactId"":""exp_import_BOP.xls:7f8ce136f1e06f8ba6981f9ecb09c98effffe368485f52ccba0c93cb152eb55d:5fb0e377cf3b"",""sourceKey"":""exp_import_BOP.xls"",""retrievedAt"":""2026-09-30T21:57:56.136Z"",""locator"":{""sheet"":""Exp.Imp.(BOP)Arch"",""row"":741,""column"":13,""cell"":""M741""},""rawValue"":-3129.0227212127575}}"
2022-06,7204,3130,-4074,not-stated,,US$ million,"{""exports"":{""artifactId"":""exp_import_BOP.xls:7f8ce136f1e06f8ba6981f9ecb09c98effffe368485f52ccba0c93cb152eb55d:5fb0e377cf3b"",""sourceKey"":""exp_import_BOP.xls"",""retrievedAt"":""2026-09-30T21:57:56.136Z"",""locator"":{""sheet"":""Exp.Imp.(BOP)Arch"",""row"":742,""column"":5,""cell"":""E742""},""rawValue"":3129.9794607571393},""imports"":{""artifactId"":""exp_import_BOP.xls:7f8ce136f1e06f8ba6981f9ecb09c98effffe368485f52ccba0c93cb152eb55d:5fb0e377cf3b"",""sourceKey"":""exp_import_BOP.xls"",""retrievedAt"":""2026-09-30T21:57:56.136Z"",""locator"":{""sheet"":""Exp.Imp.(BOP)Arch"",""row"":742,""column"":9,""cell"":""I742""},""rawValue"":7203.978709475245},""balance"":{""artifactId"":""exp_import_BOP.xls:7f8ce136f1e06f8ba6981f9ecb09c98effffe368485f52ccba0c93cb152eb55d:5fb0e377cf3b"",""sourceKey"":""exp_import_BOP.xls"",""retrievedAt"":""2026-09-30T21:57:56.136Z"",""locator"":{""sheet"":""Exp.Imp.(BOP)Arch"",""row"":742,""column"":13,""cell"":""M742""},""rawValue"":-4073.9992487181053}}"
2022-07,5562,2215,-3347,not-stated,,US$ million,"{""exports"":{""artifactId"":""exp_import_BOP.xls:7f8ce136f1e06f8ba6981f9ecb09c98effffe368485f52ccba0c93cb152eb55d:5fb0e377cf3b"",""sourceKey"":""exp_import_BOP.xls"",""retrievedAt"":""2026-09-30T21:57:56.136Z"",""locator"":{""sheet"":""Exp.Imp.(BOP)Arch"",""row"":744,""column"":5,""cell"":""E744""},""rawValue"":2214.993046547123},""imports"":{""artifactId"":""exp_import_BOP.xls:7f8ce136f1e06f8ba6981f9ecb09c98effffe368485f52ccba0c93cb152eb55d:5fb0e377cf3b"",""sourceKey"":""exp_import_BOP.xls"",""retrievedAt"":""2026-09-30T21:57:56.136Z"",""locator"":{""sheet"":""Exp.Imp.(BOP)Arch"",""row"":744,""column"":9,""cell"":""I744""},""rawValue"":5561.993782369797},""balance"":{""artifactId"":""exp_import_BOP.xls:7f8ce136f1e06f8ba6981f9ecb09c98effffe368485f52ccba0c93cb152eb55d:5fb0e377cf3b"",""sourceKey"":""exp_import_BOP.xls"",""retrievedAt"":""2026-09-30T21:57:56.136Z"",""locator"":{""sheet"":""Exp.Imp.(BOP)Arch"",""row"":744,""column"":13,""cell"":""M744""},""rawValue"":-3347.0007358226744}}"
2022-08,6007,2734,-3273,not-stated,,US$ million,"{""exports"":{""artifactId"":""exp_import_BOP.xls:7f8ce136f1e06f8ba6981f9ecb09c98effffe368485f52ccba0c93cb152eb55d:5fb0e377cf3b"",""sourceKey"":""exp_import_BOP.xls"",""retrievedAt"":""2026-09-30T21:57:56.136Z"",""locator"":{""sheet"":""Exp.Imp.(BOP)Arch"",""row"":745,""column"":5,""cell"":""E745""},""rawValue"":2734.0293481730523},""imports"":{""artifactId"":""exp_import_BOP.xls:7f8ce136f1e06f8ba6981f9ecb09c98effffe368485f52ccba0c93cb152eb55d:5fb0e377cf3b"",""sourceKey"":""exp_import_BOP.xls"",""retrievedAt"":""2026-09-30T21:57:56.136Z"",""locator"":{""sheet"":""Exp.Imp.(BOP)Arch"",""row"":745,""column"":9,""cell"":""I745""},""rawValue"":6007.027254998223},""balance"":{""artifactId"":""exp_import_BOP.xls:7f8ce136f1e06f8ba6981f9ecb09c98effffe368485f52ccba0c93cb152eb55d:5fb0e377cf3b"",""sourceKey"":""exp_import_BOP.xls"",""retrievedAt"":""2026-09-30T21:57:56.136Z"",""locator"":{""sheet"":""Exp.Imp.(BOP)Arch"",""row"":745,""column"":13,""cell"":""M745""},""rawValue"":-3272.9979068251705}}"
2022-09,4951,2438,-2513,not-stated,,US$ million,"{""exports"":{""artifactId"":""exp_import_BOP.xls:7f8ce136f1e06f8ba6981f9ecb09c98effffe368485f52ccba0c93cb152eb55d:5fb0e377cf3b"",""sourceKey"":""exp_import_BOP.xls"",""retrievedAt"":""2026-09-30T21:57:56.136Z"",""locator"":{""sheet"":""Exp.Imp.(BOP)Arch"",""row"":746,""column"":5,""cell"":""E746""},""rawValue"":2437.9823034779533},""imports"":{""artifactId"":""exp_import_BOP.xls:7f8ce136f1e06f8ba6981f9ecb09c98effffe368485f52ccba0c93cb152eb55d:5fb0e377cf3b"",""sourceKey"":""exp_import_BOP.xls"",""retrievedAt"":""2026-09-30T21:57:56.136Z"",""locator"":{""sheet"":""Exp.Imp.(BOP)Arch"",""row"":746,""column"":9,""cell"":""I746""},""rawValue"":4950.962304168228},""balance"":{""artifactId"":""exp_import_BOP.xls:7f8ce136f1e06f8ba6981f9ecb09c98effffe368485f52ccba0c93cb152eb55d:5fb0e377cf3b"",""sourceKey"":""exp_import_BOP.xls"",""retrievedAt"":""2026-09-30T21:57:56.136Z"",""locator"":{""sheet"":""Exp.Imp.(BOP)Arch"",""row"":746,""column"":13,""cell"":""M746""},""rawValue"":-2512.9800006902747}}"
2022-10,4657,2281,-2376,not-stated,,US$ million,"{""exports"":{""artifactId"":""exp_import_BOP.xls:7f8ce136f1e06f8ba6981f9ecb09c98effffe368485f52ccba0c93cb152eb55d:5fb0e377cf3b"",""sourceKey"":""exp_import_BOP.xls"",""retrievedAt"":""2026-09-30T21:57:56.136Z"",""locator"":{""sheet"":""Exp.Imp.(BOP)Arch"",""row"":747,""column"":5,""cell"":""E747""},""rawValue"":2281.0226513957045},""imports"":{""artifactId"":""exp_import_BOP.xls:7f8ce136f1e06f8ba6981f9ecb09c98effffe368485f52ccba0c93cb152eb55d:5fb0e377cf3b"",""sourceKey"":""exp_import_BOP.xls"",""retrievedAt"":""2026-09-30T21:57:56.136Z"",""locator"":{""sheet"":""Exp.Imp.(BOP)Arch"",""row"":747,""column"":9,""cell"":""I747""},""rawValue"":4656.974725593739},""balance"":{""artifactId"":""exp_import_BOP.xls:7f8ce136f1e06f8ba6981f9ecb09c98effffe368485f52ccba0c93cb152eb55d:5fb0e377cf3b"",""sourceKey"":""exp_import_BOP.xls"",""retrievedAt"":""2026-09-30T21:57:56.136Z"",""locator"":{""sheet"":""Exp.Imp.(BOP)Arch"",""row"":747,""column"":13,""cell"":""M747""},""rawValue"":-2375.9520741980346}}"
2022-11,4340,2246,-2094,not-stated,,US$ million,"{""exports"":{""artifactId"":""exp_import_BOP.xls:7f8ce136f1e06f8ba6981f9ecb09c98effffe368485f52ccba0c93cb152eb55d:5fb0e377cf3b"",""sourceKey"":""exp_import_BOP.xls"",""retrievedAt"":""2026-09-30T21:57:56.136Z"",""locator"":{""sheet"":""Exp.Imp.(BOP)Arch"",""row"":748,""column"":5,""cell"":""E748""},""rawValue"":2246.0353139332515},""imports"":{""artifactId"":""exp_import_BOP.xls:7f8ce136f1e06f8ba6981f9ecb09c98effffe368485f52ccba0c93cb152eb55d:5fb0e377cf3b"",""sourceKey"":""exp_import_BOP.xls"",""retrievedAt"":""2026-09-30T21:57:56.136Z"",""locator"":{""sheet"":""Exp.Imp.(BOP)Arch"",""row"":748,""column"":9,""cell"":""I748""},""rawValue"":4339.979248142514},""balance"":{""artifactId"":""exp_import_BOP.xls:7f8ce136f1e06f8ba6981f9ecb09c98effffe368485f52ccba0c93cb152eb55d:5fb0e377cf3b"",""sourceKey"":""exp_import_BOP.xls"",""retrievedAt"":""2026-09-30T21:57:56.136Z"",""locator"":{""sheet"":""Exp.Imp.(BOP)Arch"",""row"":748,""column"":13,""cell"":""M748""},""rawValue"":-2093.9439342092624}}"
2022-12,4256,2308,-1948,not-stated,,US$ million,"{""exports"":{""artifactId"":""exp_import_BOP.xls:7f8ce136f1e06f8ba6981f9ecb09c98effffe368485f52ccba0c93cb152eb55d:5fb0e377cf3b"",""sourceKey"":""exp_import_BOP.xls"",""retrievedAt"":""2026-09-30T21:57:56.136Z"",""locator"":{""sheet"":""Exp.Imp.(BOP)Arch"",""row"":749,""column"":5,""cell"":""E749""},""rawValue"":2307.986095889286},""imports"":{""artifactId"":""exp_import_BOP.xls:7f8ce136f1e06f8ba6981f9ecb09c98effffe368485f52ccba0c93cb152eb55d:5fb0e377cf3b"",""sourceKey"":""exp_import_BOP.xls"",""retrievedAt"":""2026-09-30T21:57:56.136Z"",""locator"":{""sheet"":""Exp.Imp.(BOP)Arch"",""row"":749,""column"":9,""cell"":""I749""},""rawValue"":4256.0374162516855},""balance"":{""artifactId"":""exp_import_BOP.xls:7f8ce136f1e06f8ba6981f9ecb09c98effffe368485f52ccba0c93cb152eb55d:5fb0e377cf3b"",""sourceKey"":""exp_import_BOP.xls"",""retrievedAt"":""2026-09-30T21:57:56.136Z"",""locator"":{""sheet"":""Exp.Imp.(BOP)Arch"",""row"":749,""column"":13,""cell"":""M749""},""rawValue"":-1948.0513203623996}}"
2023-01,4109,2222,-1887,not-stated,,US$ million,"{""exports"":{""artifactId"":""exp_import_BOP.xls:7f8ce136f1e06f8ba6981f9ecb09c98effffe368485f52ccba0c93cb152eb55d:5fb0e377cf3b"",""sourceKey"":""exp_import_BOP.xls"",""retrievedAt"":""2026-09-30T21:57:56.136Z"",""locator"":{""sheet"":""Exp.Imp.(BOP)Arch"",""row"":750,""column"":5,""cell"":""E750""},""rawValue"":2221.93087970701},""imports"":{""artifactId"":""exp_import_BOP.xls:7f8ce136f1e06f8ba6981f9ecb09c98effffe368485f52ccba0c93cb152eb55d:5fb0e377cf3b"",""sourceKey"":""exp_import_BOP.xls"",""retrievedAt"":""2026-09-30T21:57:56.136Z"",""locator"":{""sheet"":""Exp.Imp.(BOP)Arch"",""row"":750,""column"":9,""cell"":""I750""},""rawValue"":4109.038474063079},""balance"":{""artifactId"":""exp_import_BOP.xls:7f8ce136f1e06f8ba6981f9ecb09c98effffe368485f52ccba0c93cb152eb55d:5fb0e377cf3b"",""sourceKey"":""exp_import_BOP.xls"",""retrievedAt"":""2026-09-30T21:57:56.136Z"",""locator"":{""sheet"":""Exp.Imp.(BOP)Arch"",""row"":750,""column"":13,""cell"":""M750""},""rawValue"":-1887.107594356069}}"
2023-02,4104,2199,-1905,not-stated,,US$ million,"{""exports"":{""artifactId"":""exp_import_BOP.xls:7f8ce136f1e06f8ba6981f9ecb09c98effffe368485f52ccba0c93cb152eb55d:5fb0e377cf3b"",""sourceKey"":""exp_import_BOP.xls"",""retrievedAt"":""2026-09-30T21:57:56.136Z"",""locator"":{""sheet"":""Exp.Imp.(BOP)Arch"",""row"":751,""column"":5,""cell"":""E751""},""rawValue"":2199.022699529172},""imports"":{""artifactId"":""exp_import_BOP.xls:7f8ce136f1e06f8ba6981f9ecb09c98effffe368485f52ccba0c93cb152eb55d:5fb0e377cf3b"",""sourceKey"":""exp_import_BOP.xls"",""retrievedAt"":""2026-09-30T21:57:56.136Z"",""locator"":{""sheet"":""Exp.Imp.(BOP)Arch"",""row"":751,""column"":9,""cell"":""I751""},""rawValue"":4104.023746256868},""balance"":{""artifactId"":""exp_import_BOP.xls:7f8ce136f1e06f8ba6981f9ecb09c98effffe368485f52ccba0c93cb152eb55d:5fb0e377cf3b"",""sourceKey"":""exp_import_BOP.xls"",""retrievedAt"":""2026-09-30T21:57:56.136Z"",""locator"":{""sheet"":""Exp.Imp.(BOP)Arch"",""row"":751,""column"":13,""cell"":""M751""},""rawValue"":-1905.0010467276966}}"
2023-03,4158,2422,-1736,not-stated,,US$ million,"{""exports"":{""artifactId"":""exp_import_BOP.xls:7f8ce136f1e06f8ba6981f9ecb09c98effffe368485f52ccba0c93cb152eb55d:5fb0e377cf3b"",""sourceKey"":""exp_import_BOP.xls"",""retrievedAt"":""2026-09-30T21:57:56.136Z"",""locator"":{""sheet"":""Exp.Imp.(BOP)Arch"",""row"":752,""column"":5,""cell"":""E752""},""rawValue"":2422.0108471571943},""imports"":{""artifactId"":""exp_import_BOP.xls:7f8ce136f1e06f8ba6981f9ecb09c98effffe368485f52ccba0c93cb152eb55d:5fb0e377cf3b"",""sourceKey"":""exp_import_BOP.xls"",""retrievedAt"":""2026-09-30T21:57:56.136Z"",""locator"":{""sheet"":""Exp.Imp.(BOP)Arch"",""row"":752,""column"":9,""cell"":""I752""},""rawValue"":4157.9555383243705},""balance"":{""artifactId"":""exp_import_BOP.xls:7f8ce136f1e06f8ba6981f9ecb09c98effffe368485f52ccba0c93cb152eb55d:5fb0e377cf3b"",""sourceKey"":""exp_import_BOP.xls"",""retrievedAt"":""2026-09-30T21:57:56.136Z"",""locator"":{""sheet"":""Exp.Imp.(BOP)Arch"",""row"":752,""column"":13,""cell"":""M752""},""rawValue"":-1735.9446911671762}}"
2023-04,3622,2135,-1487,not-stated,,US$ million,"{""exports"":{""artifactId"":""exp_import_BOP.xls:7f8ce136f1e06f8ba6981f9ecb09c98effffe368485f52ccba0c93cb152eb55d:5fb0e377cf3b"",""sourceKey"":""exp_import_BOP.xls"",""retrievedAt"":""2026-09-30T21:57:56.136Z"",""locator"":{""sheet"":""Exp.Imp.(BOP)Arch"",""row"":753,""column"":5,""cell"":""E753""},""rawValue"":2134.983046425442},""imports"":{""artifactId"":""exp_import_BOP.xls:7f8ce136f1e06f8ba6981f9ecb09c98effffe368485f52ccba0c93cb152eb55d:5fb0e377cf3b"",""sourceKey"":""exp_import_BOP.xls"",""retrievedAt"":""2026-09-30T21:57:56.136Z"",""locator"":{""sheet"":""Exp.Imp.(BOP)Arch"",""row"":753,""column"":9,""cell"":""I753""},""rawValue"":3622.049274347249},""balance"":{""artifactId"":""exp_import_BOP.xls:7f8ce136f1e06f8ba6981f9ecb09c98effffe368485f52ccba0c93cb152eb55d:5fb0e377cf3b"",""sourceKey"":""exp_import_BOP.xls"",""retrievedAt"":""2026-09-30T21:57:56.136Z"",""locator"":{""sheet"":""Exp.Imp.(BOP)Arch"",""row"":753,""column"":13,""cell"":""M753""},""rawValue"":-1487.0662279218072}}"
2023-05,3752,2565,-1187,not-stated,,US$ million,"{""exports"":{""artifactId"":""exp_import_BOP.xls:7f8ce136f1e06f8ba6981f9ecb09c98effffe368485f52ccba0c93cb152eb55d:5fb0e377cf3b"",""sourceKey"":""exp_import_BOP.xls"",""retrievedAt"":""2026-09-30T21:57:56.136Z"",""locator"":{""sheet"":""Exp.Imp.(BOP)Arch"",""row"":754,""column"":5,""cell"":""E754""},""rawValue"":2564.95948151561},""imports"":{""artifactId"":""exp_import_BOP.xls:7f8ce136f1e06f8ba6981f9ecb09c98effffe368485f52ccba0c93cb152eb55d:5fb0e377cf3b"",""sourceKey"":""exp_import_BOP.xls"",""retrievedAt"":""2026-09-30T21:57:56.136Z"",""locator"":{""sheet"":""Exp.Imp.(BOP)Arch"",""row"":754,""column"":9,""cell"":""I754""},""rawValue"":3751.989588375021},""balance"":{""artifactId"":""exp_import_BOP.xls:7f8ce136f1e06f8ba6981f9ecb09c98effffe368485f52ccba0c93cb152eb55d:5fb0e377cf3b"",""sourceKey"":""exp_import_BOP.xls"",""retrievedAt"":""2026-09-30T21:57:56.136Z"",""locator"":{""sheet"":""Exp.Imp.(BOP)Arch"",""row"":754,""column"":13,""cell"":""M754""},""rawValue"":-1187.0301068594108}}"
2023-06,3177,2111,-1066,not-stated,,US$ million,"{""exports"":{""artifactId"":""exp_import_BOP.xls:7f8ce136f1e06f8ba6981f9ecb09c98effffe368485f52ccba0c93cb152eb55d:5fb0e377cf3b"",""sourceKey"":""exp_import_BOP.xls"",""retrievedAt"":""2026-09-30T21:57:56.136Z"",""locator"":{""sheet"":""Exp.Imp.(BOP)Arch"",""row"":755,""column"":5,""cell"":""E755""},""rawValue"":2110.9720685287302},""imports"":{""artifactId"":""exp_import_BOP.xls:7f8ce136f1e06f8ba6981f9ecb09c98effffe368485f52ccba0c93cb152eb55d:5fb0e377cf3b"",""sourceKey"":""exp_import_BOP.xls"",""retrievedAt"":""2026-09-30T21:57:56.136Z"",""locator"":{""sheet"":""Exp.Imp.(BOP)Arch"",""row"":755,""column"":9,""cell"":""I755""},""rawValue"":3177.039503668383},""balance"":{""artifactId"":""exp_import_BOP.xls:7f8ce136f1e06f8ba6981f9ecb09c98effffe368485f52ccba0c93cb152eb55d:5fb0e377cf3b"",""sourceKey"":""exp_import_BOP.xls"",""retrievedAt"":""2026-09-30T21:57:56.136Z"",""locator"":{""sheet"":""Exp.Imp.(BOP)Arch"",""row"":755,""column"":13,""cell"":""M755""},""rawValue"":-1066.0674351396528}}"
2023-07,4149,2104,-2045,not-stated,,US$ million,"{""exports"":{""artifactId"":""exp_import_BOP.xls:7f8ce136f1e06f8ba6981f9ecb09c98effffe368485f52ccba0c93cb152eb55d:5fb0e377cf3b"",""sourceKey"":""exp_import_BOP.xls"",""retrievedAt"":""2026-09-30T21:57:56.136Z"",""locator"":{""sheet"":""Exp.Imp.(BOP)Arch"",""row"":757,""column"":5,""cell"":""E757""},""rawValue"":2103.986530393867},""imports"":{""artifactId"":""exp_import_BOP.xls:7f8ce136f1e06f8ba6981f9ecb09c98effffe368485f52ccba0c93cb152eb55d:5fb0e377cf3b"",""sourceKey"":""exp_import_BOP.xls"",""retrievedAt"":""2026-09-30T21:57:56.136Z"",""locator"":{""sheet"":""Exp.Imp.(BOP)Arch"",""row"":757,""column"":9,""cell"":""I757""},""rawValue"":4148.955561595264},""balance"":{""artifactId"":""exp_import_BOP.xls:7f8ce136f1e06f8ba6981f9ecb09c98effffe368485f52ccba0c93cb152eb55d:5fb0e377cf3b"",""sourceKey"":""exp_import_BOP.xls"",""retrievedAt"":""2026-09-30T21:57:56.136Z"",""locator"":{""sheet"":""Exp.Imp.(BOP)Arch"",""row"":757,""column"":13,""cell"":""M757""},""rawValue"":-2044.9690312013972}}"
2023-08,4218,2411,-1807,not-stated,,US$ million,"{""exports"":{""artifactId"":""exp_import_BOP.xls:7f8ce136f1e06f8ba6981f9ecb09c98effffe368485f52ccba0c93cb152eb55d:5fb0e377cf3b"",""sourceKey"":""exp_import_BOP.xls"",""retrievedAt"":""2026-09-30T21:57:56.136Z"",""locator"":{""sheet"":""Exp.Imp.(BOP)Arch"",""row"":758,""column"":5,""cell"":""E758""},""rawValue"":2411.043303237432},""imports"":{""artifactId"":""exp_import_BOP.xls:7f8ce136f1e06f8ba6981f9ecb09c98effffe368485f52ccba0c93cb152eb55d:5fb0e377cf3b"",""sourceKey"":""exp_import_BOP.xls"",""retrievedAt"":""2026-09-30T21:57:56.136Z"",""locator"":{""sheet"":""Exp.Imp.(BOP)Arch"",""row"":758,""column"":9,""cell"":""I758""},""rawValue"":4218.021672920184},""balance"":{""artifactId"":""exp_import_BOP.xls:7f8ce136f1e06f8ba6981f9ecb09c98effffe368485f52ccba0c93cb152eb55d:5fb0e377cf3b"",""sourceKey"":""exp_import_BOP.xls"",""retrievedAt"":""2026-09-30T21:57:56.136Z"",""locator"":{""sheet"":""Exp.Imp.(BOP)Arch"",""row"":758,""column"":13,""cell"":""M758""},""rawValue"":-1806.9783696827517}}"
2023-09,3929,2439,-1490,not-stated,,US$ million,"{""exports"":{""artifactId"":""exp_import_BOP.xls:7f8ce136f1e06f8ba6981f9ecb09c98effffe368485f52ccba0c93cb152eb55d:5fb0e377cf3b"",""sourceKey"":""exp_import_BOP.xls"",""retrievedAt"":""2026-09-30T21:57:56.136Z"",""locator"":{""sheet"":""Exp.Imp.(BOP)Arch"",""row"":759,""column"":5,""cell"":""E759""},""rawValue"":2438.951421048044},""imports"":{""artifactId"":""exp_import_BOP.xls:7f8ce136f1e06f8ba6981f9ecb09c98effffe368485f52ccba0c93cb152eb55d:5fb0e377cf3b"",""sourceKey"":""exp_import_BOP.xls"",""retrievedAt"":""2026-09-30T21:57:56.136Z"",""locator"":{""sheet"":""Exp.Imp.(BOP)Arch"",""row"":759,""column"":9,""cell"":""I759""},""rawValue"":3929.025636983685},""balance"":{""artifactId"":""exp_import_BOP.xls:7f8ce136f1e06f8ba6981f9ecb09c98effffe368485f52ccba0c93cb152eb55d:5fb0e377cf3b"",""sourceKey"":""exp_import_BOP.xls"",""retrievedAt"":""2026-09-30T21:57:56.136Z"",""locator"":{""sheet"":""Exp.Imp.(BOP)Arch"",""row"":759,""column"":13,""cell"":""M759""},""rawValue"":-1490.0742159356414}}"
2023-10,4382,2721,-1661,not-stated,,US$ million,"{""exports"":{""artifactId"":""exp_import_BOP.xls:7f8ce136f1e06f8ba6981f9ecb09c98effffe368485f52ccba0c93cb152eb55d:5fb0e377cf3b"",""sourceKey"":""exp_import_BOP.xls"",""retrievedAt"":""2026-09-30T21:57:56.136Z"",""locator"":{""sheet"":""Exp.Imp.(BOP)Arch"",""row"":760,""column"":5,""cell"":""E760""},""rawValue"":2721.0393509161404},""imports"":{""artifactId"":""exp_import_BOP.xls:7f8ce136f1e06f8ba6981f9ecb09c98effffe368485f52ccba0c93cb152eb55d:5fb0e377cf3b"",""sourceKey"":""exp_import_BOP.xls"",""retrievedAt"":""2026-09-30T21:57:56.136Z"",""locator"":{""sheet"":""Exp.Imp.(BOP)Arch"",""row"":760,""column"":9,""cell"":""I760""},""rawValue"":4381.992597400988},""balance"":{""artifactId"":""exp_import_BOP.xls:7f8ce136f1e06f8ba6981f9ecb09c98effffe368485f52ccba0c93cb152eb55d:5fb0e377cf3b"",""sourceKey"":""exp_import_BOP.xls"",""retrievedAt"":""2026-09-30T21:57:56.136Z"",""locator"":{""sheet"":""Exp.Imp.(BOP)Arch"",""row"":760,""column"":13,""cell"":""M760""},""rawValue"":-1660.953246484848}}"
2023-11,4537,2697,-1840,not-stated,,US$ million,"{""exports"":{""artifactId"":""exp_import_BOP.xls:7f8ce136f1e06f8ba6981f9ecb09c98effffe368485f52ccba0c93cb152eb55d:5fb0e377cf3b"",""sourceKey"":""exp_import_BOP.xls"",""retrievedAt"":""2026-09-30T21:57:56.136Z"",""locator"":{""sheet"":""Exp.Imp.(BOP)Arch"",""row"":761,""column"":5,""cell"":""E761""},""rawValue"":2696.9907487727073},""imports"":{""artifactId"":""exp_import_BOP.xls:7f8ce136f1e06f8ba6981f9ecb09c98effffe368485f52ccba0c93cb152eb55d:5fb0e377cf3b"",""sourceKey"":""exp_import_BOP.xls"",""retrievedAt"":""2026-09-30T21:57:56.136Z"",""locator"":{""sheet"":""Exp.Imp.(BOP)Arch"",""row"":761,""column"":9,""cell"":""I761""},""rawValue"":4536.985460053413},""balance"":{""artifactId"":""exp_import_BOP.xls:7f8ce136f1e06f8ba6981f9ecb09c98effffe368485f52ccba0c93cb152eb55d:5fb0e377cf3b"",""sourceKey"":""exp_import_BOP.xls"",""retrievedAt"":""2026-09-30T21:57:56.136Z"",""locator"":{""sheet"":""Exp.Imp.(BOP)Arch"",""row"":761,""column"":13,""cell"":""M761""},""rawValue"":-1839.9947112807054}}"
2023-12,4200,2783,-1417,not-stated,,US$ million,"{""exports"":{""artifactId"":""exp_import_BOP.xls:7f8ce136f1e06f8ba6981f9ecb09c98effffe368485f52ccba0c93cb152eb55d:5fb0e377cf3b"",""sourceKey"":""exp_import_BOP.xls"",""retrievedAt"":""2026-09-30T21:57:56.136Z"",""locator"":{""sheet"":""Exp.Imp.(BOP)Arch"",""row"":762,""column"":5,""cell"":""E762""},""rawValue"":2783.0013376775755},""imports"":{""artifactId"":""exp_import_BOP.xls:7f8ce136f1e06f8ba6981f9ecb09c98effffe368485f52ccba0c93cb152eb55d:5fb0e377cf3b"",""sourceKey"":""exp_import_BOP.xls"",""retrievedAt"":""2026-09-30T21:57:56.136Z"",""locator"":{""sheet"":""Exp.Imp.(BOP)Arch"",""row"":762,""column"":9,""cell"":""I762""},""rawValue"":4199.9721453773245},""balance"":{""artifactId"":""exp_import_BOP.xls:7f8ce136f1e06f8ba6981f9ecb09c98effffe368485f52ccba0c93cb152eb55d:5fb0e377cf3b"",""sourceKey"":""exp_import_BOP.xls"",""retrievedAt"":""2026-09-30T21:57:56.136Z"",""locator"":{""sheet"":""Exp.Imp.(BOP)Arch"",""row"":762,""column"":13,""cell"":""M762""},""rawValue"":-1416.970807699749}}"
2024-01,4686,2680,-2006,not-stated,,US$ million,"{""exports"":{""artifactId"":""exp_import_BOP.xls:7f8ce136f1e06f8ba6981f9ecb09c98effffe368485f52ccba0c93cb152eb55d:5fb0e377cf3b"",""sourceKey"":""exp_import_BOP.xls"",""retrievedAt"":""2026-09-30T21:57:56.136Z"",""locator"":{""sheet"":""Exp.Imp.(BOP)Arch"",""row"":763,""column"":5,""cell"":""E763""},""rawValue"":2679.964431936977},""imports"":{""artifactId"":""exp_import_BOP.xls:7f8ce136f1e06f8ba6981f9ecb09c98effffe368485f52ccba0c93cb152eb55d:5fb0e377cf3b"",""sourceKey"":""exp_import_BOP.xls"",""retrievedAt"":""2026-09-30T21:57:56.136Z"",""locator"":{""sheet"":""Exp.Imp.(BOP)Arch"",""row"":763,""column"":9,""cell"":""I763""},""rawValue"":4685.950464429592},""balance"":{""artifactId"":""exp_import_BOP.xls:7f8ce136f1e06f8ba6981f9ecb09c98effffe368485f52ccba0c93cb152eb55d:5fb0e377cf3b"",""sourceKey"":""exp_import_BOP.xls"",""retrievedAt"":""2026-09-30T21:57:56.136Z"",""locator"":{""sheet"":""Exp.Imp.(BOP)Arch"",""row"":763,""column"":13,""cell"":""M763""},""rawValue"":-2005.9860324926153}}"
2024-02,4383,2534,-1849,not-stated,,US$ million,"{""exports"":{""artifactId"":""exp_import_BOP.xls:7f8ce136f1e06f8ba6981f9ecb09c98effffe368485f52ccba0c93cb152eb55d:5fb0e377cf3b"",""sourceKey"":""exp_import_BOP.xls"",""retrievedAt"":""2026-09-30T21:57:56.136Z"",""locator"":{""sheet"":""Exp.Imp.(BOP)Arch"",""row"":764,""column"":5,""cell"":""E764""},""rawValue"":2533.955915114013},""imports"":{""artifactId"":""exp_import_BOP.xls:7f8ce136f1e06f8ba6981f9ecb09c98effffe368485f52ccba0c93cb152eb55d:5fb0e377cf3b"",""sourceKey"":""exp_import_BOP.xls"",""retrievedAt"":""2026-09-30T21:57:56.136Z"",""locator"":{""sheet"":""Exp.Imp.(BOP)Arch"",""row"":764,""column"":9,""cell"":""I764""},""rawValue"":4383.000358052389},""balance"":{""artifactId"":""exp_import_BOP.xls:7f8ce136f1e06f8ba6981f9ecb09c98effffe368485f52ccba0c93cb152eb55d:5fb0e377cf3b"",""sourceKey"":""exp_import_BOP.xls"",""retrievedAt"":""2026-09-30T21:57:56.136Z"",""locator"":{""sheet"":""Exp.Imp.(BOP)Arch"",""row"":764,""column"":13,""cell"":""M764""},""rawValue"":-1849.044442938376}}"
2024-03,4573,2523,-2050,not-stated,,US$ million,"{""exports"":{""artifactId"":""exp_import_BOP.xls:7f8ce136f1e06f8ba6981f9ecb09c98effffe368485f52ccba0c93cb152eb55d:5fb0e377cf3b"",""sourceKey"":""exp_import_BOP.xls"",""retrievedAt"":""2026-09-30T21:57:56.136Z"",""locator"":{""sheet"":""Exp.Imp.(BOP)Arch"",""row"":765,""column"":5,""cell"":""E765""},""rawValue"":2523.0397007145048},""imports"":{""artifactId"":""exp_import_BOP.xls:7f8ce136f1e06f8ba6981f9ecb09c98effffe368485f52ccba0c93cb152eb55d:5fb0e377cf3b"",""sourceKey"":""exp_import_BOP.xls"",""retrievedAt"":""2026-09-30T21:57:56.136Z"",""locator"":{""sheet"":""Exp.Imp.(BOP)Arch"",""row"":765,""column"":9,""cell"":""I765""},""rawValue"":4572.969520452146},""balance"":{""artifactId"":""exp_import_BOP.xls:7f8ce136f1e06f8ba6981f9ecb09c98effffe368485f52ccba0c93cb152eb55d:5fb0e377cf3b"",""sourceKey"":""exp_import_BOP.xls"",""retrievedAt"":""2026-09-30T21:57:56.136Z"",""locator"":{""sheet"":""Exp.Imp.(BOP)Arch"",""row"":765,""column"":13,""cell"":""M765""},""rawValue"":-2049.929819737641}}"
2024-04,4448,2638,-1810,not-stated,,US$ million,"{""exports"":{""artifactId"":""exp_import_BOP.xls:7f8ce136f1e06f8ba6981f9ecb09c98effffe368485f52ccba0c93cb152eb55d:5fb0e377cf3b"",""sourceKey"":""exp_import_BOP.xls"",""retrievedAt"":""2026-09-30T21:57:56.136Z"",""locator"":{""sheet"":""Exp.Imp.(BOP)Arch"",""row"":766,""column"":5,""cell"":""E766""},""rawValue"":2638.0318717471932},""imports"":{""artifactId"":""exp_import_BOP.xls:7f8ce136f1e06f8ba6981f9ecb09c98effffe368485f52ccba0c93cb152eb55d:5fb0e377cf3b"",""sourceKey"":""exp_import_BOP.xls"",""retrievedAt"":""2026-09-30T21:57:56.136Z"",""locator"":{""sheet"":""Exp.Imp.(BOP)Arch"",""row"":766,""column"":9,""cell"":""I766""},""rawValue"":4447.978625109736},""balance"":{""artifactId"":""exp_import_BOP.xls:7f8ce136f1e06f8ba6981f9ecb09c98effffe368485f52ccba0c93cb152eb55d:5fb0e377cf3b"",""sourceKey"":""exp_import_BOP.xls"",""retrievedAt"":""2026-09-30T21:57:56.136Z"",""locator"":{""sheet"":""Exp.Imp.(BOP)Arch"",""row"":766,""column"":13,""cell"":""M766""},""rawValue"":-1809.9467533625425}}"
2024-05,5014,3007,-2007,not-stated,,US$ million,"{""exports"":{""artifactId"":""exp_import_BOP.xls:7f8ce136f1e06f8ba6981f9ecb09c98effffe368485f52ccba0c93cb152eb55d:5fb0e377cf3b"",""sourceKey"":""exp_import_BOP.xls"",""retrievedAt"":""2026-09-30T21:57:56.136Z"",""locator"":{""sheet"":""Exp.Imp.(BOP)Arch"",""row"":767,""column"":5,""cell"":""E767""},""rawValue"":3006.9543286980547},""imports"":{""artifactId"":""exp_import_BOP.xls:7f8ce136f1e06f8ba6981f9ecb09c98effffe368485f52ccba0c93cb152eb55d:5fb0e377cf3b"",""sourceKey"":""exp_import_BOP.xls"",""retrievedAt"":""2026-09-30T21:57:56.136Z"",""locator"":{""sheet"":""Exp.Imp.(BOP)Arch"",""row"":767,""column"":9,""cell"":""I767""},""rawValue"":5013.999427504672},""balance"":{""artifactId"":""exp_import_BOP.xls:7f8ce136f1e06f8ba6981f9ecb09c98effffe368485f52ccba0c93cb152eb55d:5fb0e377cf3b"",""sourceKey"":""exp_import_BOP.xls"",""retrievedAt"":""2026-09-30T21:57:56.136Z"",""locator"":{""sheet"":""Exp.Imp.(BOP)Arch"",""row"":767,""column"":13,""cell"":""M767""},""rawValue"":-2007.0450988066173}}"
2024-06,4638,2443,-2195,not-stated,,US$ million,"{""exports"":{""artifactId"":""exp_import_BOP.xls:7f8ce136f1e06f8ba6981f9ecb09c98effffe368485f52ccba0c93cb152eb55d:5fb0e377cf3b"",""sourceKey"":""exp_import_BOP.xls"",""retrievedAt"":""2026-09-30T21:57:56.136Z"",""locator"":{""sheet"":""Exp.Imp.(BOP)Arch"",""row"":768,""column"":5,""cell"":""E768""},""rawValue"":2443.0050904448954},""imports"":{""artifactId"":""exp_import_BOP.xls:7f8ce136f1e06f8ba6981f9ecb09c98effffe368485f52ccba0c93cb152eb55d:5fb0e377cf3b"",""sourceKey"":""exp_import_BOP.xls"",""retrievedAt"":""2026-09-30T21:57:56.136Z"",""locator"":{""sheet"":""Exp.Imp.(BOP)Arch"",""row"":768,""column"":9,""cell"":""I768""},""rawValue"":4637.970811633002},""balance"":{""artifactId"":""exp_import_BOP.xls:7f8ce136f1e06f8ba6981f9ecb09c98effffe368485f52ccba0c93cb152eb55d:5fb0e377cf3b"",""sourceKey"":""exp_import_BOP.xls"",""retrievedAt"":""2026-09-30T21:57:56.136Z"",""locator"":{""sheet"":""Exp.Imp.(BOP)Arch"",""row"":768,""column"":13,""cell"":""M768""},""rawValue"":-2194.9657211881067}}"
2024-07,4850,2365,-2485,not-stated,,US$ million,"{""exports"":{""artifactId"":""exp_import_BOP.xls:7f8ce136f1e06f8ba6981f9ecb09c98effffe368485f52ccba0c93cb152eb55d:5fb0e377cf3b"",""sourceKey"":""exp_import_BOP.xls"",""retrievedAt"":""2026-09-30T21:57:56.136Z"",""locator"":{""sheet"":""Exp.Imp.(BOP)Arch"",""row"":770,""column"":5,""cell"":""E770""},""rawValue"":2364.9884422557466},""imports"":{""artifactId"":""exp_import_BOP.xls:7f8ce136f1e06f8ba6981f9ecb09c98effffe368485f52ccba0c93cb152eb55d:5fb0e377cf3b"",""sourceKey"":""exp_import_BOP.xls"",""retrievedAt"":""2026-09-30T21:57:56.136Z"",""locator"":{""sheet"":""Exp.Imp.(BOP)Arch"",""row"":770,""column"":9,""cell"":""I770""},""rawValue"":4849.957315524777},""balance"":{""artifactId"":""exp_import_BOP.xls:7f8ce136f1e06f8ba6981f9ecb09c98effffe368485f52ccba0c93cb152eb55d:5fb0e377cf3b"",""sourceKey"":""exp_import_BOP.xls"",""retrievedAt"":""2026-09-30T21:57:56.136Z"",""locator"":{""sheet"":""Exp.Imp.(BOP)Arch"",""row"":770,""column"":13,""cell"":""M770""},""rawValue"":-2484.9688732690306}}"
2024-08,4708,2439,-2269,not-stated,,US$ million,"{""exports"":{""artifactId"":""exp_import_BOP.xls:7f8ce136f1e06f8ba6981f9ecb09c98effffe368485f52ccba0c93cb152eb55d:5fb0e377cf3b"",""sourceKey"":""exp_import_BOP.xls"",""retrievedAt"":""2026-09-30T21:57:56.136Z"",""locator"":{""sheet"":""Exp.Imp.(BOP)Arch"",""row"":771,""column"":5,""cell"":""E771""},""rawValue"":2438.9763362736353},""imports"":{""artifactId"":""exp_import_BOP.xls:7f8ce136f1e06f8ba6981f9ecb09c98effffe368485f52ccba0c93cb152eb55d:5fb0e377cf3b"",""sourceKey"":""exp_import_BOP.xls"",""retrievedAt"":""2026-09-30T21:57:56.136Z"",""locator"":{""sheet"":""Exp.Imp.(BOP)Arch"",""row"":771,""column"":9,""cell"":""I771""},""rawValue"":4707.996144217586},""balance"":{""artifactId"":""exp_import_BOP.xls:7f8ce136f1e06f8ba6981f9ecb09c98effffe368485f52ccba0c93cb152eb55d:5fb0e377cf3b"",""sourceKey"":""exp_import_BOP.xls"",""retrievedAt"":""2026-09-30T21:57:56.136Z"",""locator"":{""sheet"":""Exp.Imp.(BOP)Arch"",""row"":771,""column"":13,""cell"":""M771""},""rawValue"":-2269.019807943951}}"
2024-09,4691,2616,-2075,not-stated,,US$ million,"{""exports"":{""artifactId"":""exp_import_BOP.xls:7f8ce136f1e06f8ba6981f9ecb09c98effffe368485f52ccba0c93cb152eb55d:5fb0e377cf3b"",""sourceKey"":""exp_import_BOP.xls"",""retrievedAt"":""2026-09-30T21:57:56.136Z"",""locator"":{""sheet"":""Exp.Imp.(BOP)Arch"",""row"":772,""column"":5,""cell"":""E772""},""rawValue"":2615.9727536455925},""imports"":{""artifactId"":""exp_import_BOP.xls:7f8ce136f1e06f8ba6981f9ecb09c98effffe368485f52ccba0c93cb152eb55d:5fb0e377cf3b"",""sourceKey"":""exp_import_BOP.xls"",""retrievedAt"":""2026-09-30T21:57:56.136Z"",""locator"":{""sheet"":""Exp.Imp.(BOP)Arch"",""row"":772,""column"":9,""cell"":""I772""},""rawValue"":4691.010676379278},""balance"":{""artifactId"":""exp_import_BOP.xls:7f8ce136f1e06f8ba6981f9ecb09c98effffe368485f52ccba0c93cb152eb55d:5fb0e377cf3b"",""sourceKey"":""exp_import_BOP.xls"",""retrievedAt"":""2026-09-30T21:57:56.136Z"",""locator"":{""sheet"":""Exp.Imp.(BOP)Arch"",""row"":772,""column"":13,""cell"":""M772""},""rawValue"":-2075.0379227336857}}"
2024-10,4647,3006,-1641,not-stated,,US$ million,"{""exports"":{""artifactId"":""exp_import_BOP.xls:7f8ce136f1e06f8ba6981f9ecb09c98effffe368485f52ccba0c93cb152eb55d:5fb0e377cf3b"",""sourceKey"":""exp_import_BOP.xls"",""retrievedAt"":""2026-09-30T21:57:56.136Z"",""locator"":{""sheet"":""Exp.Imp.(BOP)Arch"",""row"":773,""column"":5,""cell"":""E773""},""rawValue"":3006.03211813674},""imports"":{""artifactId"":""exp_import_BOP.xls:7f8ce136f1e06f8ba6981f9ecb09c98effffe368485f52ccba0c93cb152eb55d:5fb0e377cf3b"",""sourceKey"":""exp_import_BOP.xls"",""retrievedAt"":""2026-09-30T21:57:56.136Z"",""locator"":{""sheet"":""Exp.Imp.(BOP)Arch"",""row"":773,""column"":9,""cell"":""I773""},""rawValue"":4646.996517214024},""balance"":{""artifactId"":""exp_import_BOP.xls:7f8ce136f1e06f8ba6981f9ecb09c98effffe368485f52ccba0c93cb152eb55d:5fb0e377cf3b"",""sourceKey"":""exp_import_BOP.xls"",""retrievedAt"":""2026-09-30T21:57:56.136Z"",""locator"":{""sheet"":""Exp.Imp.(BOP)Arch"",""row"":773,""column"":13,""cell"":""M773""},""rawValue"":-1640.9643990772838}}"
2024-11,4119,2790,-1329,not-stated,,US$ million,"{""exports"":{""artifactId"":""exp_import_BOP.xls:7f8ce136f1e06f8ba6981f9ecb09c98effffe368485f52ccba0c93cb152eb55d:5fb0e377cf3b"",""sourceKey"":""exp_import_BOP.xls"",""retrievedAt"":""2026-09-30T21:57:56.136Z"",""locator"":{""sheet"":""Exp.Imp.(BOP)Arch"",""row"":774,""column"":5,""cell"":""E774""},""rawValue"":2790.004825784087},""imports"":{""artifactId"":""exp_import_BOP.xls:7f8ce136f1e06f8ba6981f9ecb09c98effffe368485f52ccba0c93cb152eb55d:5fb0e377cf3b"",""sourceKey"":""exp_import_BOP.xls"",""retrievedAt"":""2026-09-30T21:57:56.136Z"",""locator"":{""sheet"":""Exp.Imp.(BOP)Arch"",""row"":774,""column"":9,""cell"":""I774""},""rawValue"":4119.026112984305},""balance"":{""artifactId"":""exp_import_BOP.xls:7f8ce136f1e06f8ba6981f9ecb09c98effffe368485f52ccba0c93cb152eb55d:5fb0e377cf3b"",""sourceKey"":""exp_import_BOP.xls"",""retrievedAt"":""2026-09-30T21:57:56.136Z"",""locator"":{""sheet"":""Exp.Imp.(BOP)Arch"",""row"":774,""column"":13,""cell"":""M774""},""rawValue"":-1329.0212872002176}}"
2024-12,4894,3109,-1785,not-stated,,US$ million,"{""exports"":{""artifactId"":""exp_import_BOP.xls:7f8ce136f1e06f8ba6981f9ecb09c98effffe368485f52ccba0c93cb152eb55d:5fb0e377cf3b"",""sourceKey"":""exp_import_BOP.xls"",""retrievedAt"":""2026-09-30T21:57:56.136Z"",""locator"":{""sheet"":""Exp.Imp.(BOP)Arch"",""row"":775,""column"":5,""cell"":""E775""},""rawValue"":3109.034684566127},""imports"":{""artifactId"":""exp_import_BOP.xls:7f8ce136f1e06f8ba6981f9ecb09c98effffe368485f52ccba0c93cb152eb55d:5fb0e377cf3b"",""sourceKey"":""exp_import_BOP.xls"",""retrievedAt"":""2026-09-30T21:57:56.136Z"",""locator"":{""sheet"":""Exp.Imp.(BOP)Arch"",""row"":775,""column"":9,""cell"":""I775""},""rawValue"":4893.976456182777},""balance"":{""artifactId"":""exp_import_BOP.xls:7f8ce136f1e06f8ba6981f9ecb09c98effffe368485f52ccba0c93cb152eb55d:5fb0e377cf3b"",""sourceKey"":""exp_import_BOP.xls"",""retrievedAt"":""2026-09-30T21:57:56.136Z"",""locator"":{""sheet"":""Exp.Imp.(BOP)Arch"",""row"":775,""column"":13,""cell"":""M775""},""rawValue"":-1784.94177161665}}"
2025-01,5481,3009,-2472,not-stated,,US$ million,"{""exports"":{""artifactId"":""exp_import_BOP.xls:7f8ce136f1e06f8ba6981f9ecb09c98effffe368485f52ccba0c93cb152eb55d:5fb0e377cf3b"",""sourceKey"":""exp_import_BOP.xls"",""retrievedAt"":""2026-09-30T21:57:56.136Z"",""locator"":{""sheet"":""Exp.Imp.(BOP)Arch"",""row"":776,""column"":5,""cell"":""E776""},""rawValue"":3008.9649976114815},""imports"":{""artifactId"":""exp_import_BOP.xls:7f8ce136f1e06f8ba6981f9ecb09c98effffe368485f52ccba0c93cb152eb55d:5fb0e377cf3b"",""sourceKey"":""exp_import_BOP.xls"",""retrievedAt"":""2026-09-30T21:57:56.136Z"",""locator"":{""sheet"":""Exp.Imp.(BOP)Arch"",""row"":776,""column"":9,""cell"":""I776""},""rawValue"":5481.006427659352},""balance"":{""artifactId"":""exp_import_BOP.xls:7f8ce136f1e06f8ba6981f9ecb09c98effffe368485f52ccba0c93cb152eb55d:5fb0e377cf3b"",""sourceKey"":""exp_import_BOP.xls"",""retrievedAt"":""2026-09-30T21:57:56.136Z"",""locator"":{""sheet"":""Exp.Imp.(BOP)Arch"",""row"":776,""column"":13,""cell"":""M776""},""rawValue"":-2472.0414300478706}}"
2025-02,5051,2609,-2442,not-stated,,US$ million,"{""exports"":{""artifactId"":""exp_import_BOP.xls:7f8ce136f1e06f8ba6981f9ecb09c98effffe368485f52ccba0c93cb152eb55d:5fb0e377cf3b"",""sourceKey"":""exp_import_BOP.xls"",""retrievedAt"":""2026-09-30T21:57:56.136Z"",""locator"":{""sheet"":""Exp.Imp.(BOP)Arch"",""row"":777,""column"":5,""cell"":""E777""},""rawValue"":2608.9535179820623},""imports"":{""artifactId"":""exp_import_BOP.xls:7f8ce136f1e06f8ba6981f9ecb09c98effffe368485f52ccba0c93cb152eb55d:5fb0e377cf3b"",""sourceKey"":""exp_import_BOP.xls"",""retrievedAt"":""2026-09-30T21:57:56.136Z"",""locator"":{""sheet"":""Exp.Imp.(BOP)Arch"",""row"":777,""column"":9,""cell"":""I777""},""rawValue"":5051.007581950805},""balance"":{""artifactId"":""exp_import_BOP.xls:7f8ce136f1e06f8ba6981f9ecb09c98effffe368485f52ccba0c93cb152eb55d:5fb0e377cf3b"",""sourceKey"":""exp_import_BOP.xls"",""retrievedAt"":""2026-09-30T21:57:56.136Z"",""locator"":{""sheet"":""Exp.Imp.(BOP)Arch"",""row"":777,""column"":13,""cell"":""M777""},""rawValue"":-2442.0540639687424}}"
2025-03,4938,2759,-2179,not-stated,,US$ million,"{""exports"":{""artifactId"":""exp_import_BOP.xls:7f8ce136f1e06f8ba6981f9ecb09c98effffe368485f52ccba0c93cb152eb55d:5fb0e377cf3b"",""sourceKey"":""exp_import_BOP.xls"",""retrievedAt"":""2026-09-30T21:57:56.136Z"",""locator"":{""sheet"":""Exp.Imp.(BOP)Arch"",""row"":778,""column"":5,""cell"":""E778""},""rawValue"":2759.02360000614},""imports"":{""artifactId"":""exp_import_BOP.xls:7f8ce136f1e06f8ba6981f9ecb09c98effffe368485f52ccba0c93cb152eb55d:5fb0e377cf3b"",""sourceKey"":""exp_import_BOP.xls"",""retrievedAt"":""2026-09-30T21:57:56.136Z"",""locator"":{""sheet"":""Exp.Imp.(BOP)Arch"",""row"":778,""column"":9,""cell"":""I778""},""rawValue"":4938.005694487745},""balance"":{""artifactId"":""exp_import_BOP.xls:7f8ce136f1e06f8ba6981f9ecb09c98effffe368485f52ccba0c93cb152eb55d:5fb0e377cf3b"",""sourceKey"":""exp_import_BOP.xls"",""retrievedAt"":""2026-09-30T21:57:56.136Z"",""locator"":{""sheet"":""Exp.Imp.(BOP)Arch"",""row"":778,""column"":13,""cell"":""M778""},""rawValue"":-2178.982094481605}}"
2025-04,5246,2606,-2640,not-stated,,US$ million,"{""exports"":{""artifactId"":""exp_import_BOP.xls:7f8ce136f1e06f8ba6981f9ecb09c98effffe368485f52ccba0c93cb152eb55d:5fb0e377cf3b"",""sourceKey"":""exp_import_BOP.xls"",""retrievedAt"":""2026-09-30T21:57:56.136Z"",""locator"":{""sheet"":""Exp.Imp.(BOP)Arch"",""row"":779,""column"":5,""cell"":""E779""},""rawValue"":2606.0122522146157},""imports"":{""artifactId"":""exp_import_BOP.xls:7f8ce136f1e06f8ba6981f9ecb09c98effffe368485f52ccba0c93cb152eb55d:5fb0e377cf3b"",""sourceKey"":""exp_import_BOP.xls"",""retrievedAt"":""2026-09-30T21:57:56.136Z"",""locator"":{""sheet"":""Exp.Imp.(BOP)Arch"",""row"":779,""column"":9,""cell"":""I779""},""rawValue"":5245.950188997071},""balance"":{""artifactId"":""exp_import_BOP.xls:7f8ce136f1e06f8ba6981f9ecb09c98effffe368485f52ccba0c93cb152eb55d:5fb0e377cf3b"",""sourceKey"":""exp_import_BOP.xls"",""retrievedAt"":""2026-09-30T21:57:56.136Z"",""locator"":{""sheet"":""Exp.Imp.(BOP)Arch"",""row"":779,""column"":13,""cell"":""M779""},""rawValue"":-2639.937936782455}}"
2025-05,5501,2444,-3057,not-stated,,US$ million,"{""exports"":{""artifactId"":""exp_import_BOP.xls:7f8ce136f1e06f8ba6981f9ecb09c98effffe368485f52ccba0c93cb152eb55d:5fb0e377cf3b"",""sourceKey"":""exp_import_BOP.xls"",""retrievedAt"":""2026-09-30T21:57:56.136Z"",""locator"":{""sheet"":""Exp.Imp.(BOP)Arch"",""row"":780,""column"":5,""cell"":""E780""},""rawValue"":2444.0020881621663},""imports"":{""artifactId"":""exp_import_BOP.xls:7f8ce136f1e06f8ba6981f9ecb09c98effffe368485f52ccba0c93cb152eb55d:5fb0e377cf3b"",""sourceKey"":""exp_import_BOP.xls"",""retrievedAt"":""2026-09-30T21:57:56.136Z"",""locator"":{""sheet"":""Exp.Imp.(BOP)Arch"",""row"":780,""column"":9,""cell"":""I780""},""rawValue"":5501.040270493438},""balance"":{""artifactId"":""exp_import_BOP.xls:7f8ce136f1e06f8ba6981f9ecb09c98effffe368485f52ccba0c93cb152eb55d:5fb0e377cf3b"",""sourceKey"":""exp_import_BOP.xls"",""retrievedAt"":""2026-09-30T21:57:56.136Z"",""locator"":{""sheet"":""Exp.Imp.(BOP)Arch"",""row"":780,""column"":13,""cell"":""M780""},""rawValue"":-3057.0381823312714}}"
2025-06,5020,2591,-2429,not-stated,,US$ million,"{""exports"":{""artifactId"":""exp_import_BOP.xls:7f8ce136f1e06f8ba6981f9ecb09c98effffe368485f52ccba0c93cb152eb55d:5fb0e377cf3b"",""sourceKey"":""exp_import_BOP.xls"",""retrievedAt"":""2026-09-30T21:57:56.136Z"",""locator"":{""sheet"":""Exp.Imp.(BOP)Arch"",""row"":781,""column"":5,""cell"":""E781""},""rawValue"":2590.982443905514},""imports"":{""artifactId"":""exp_import_BOP.xls:7f8ce136f1e06f8ba6981f9ecb09c98effffe368485f52ccba0c93cb152eb55d:5fb0e377cf3b"",""sourceKey"":""exp_import_BOP.xls"",""retrievedAt"":""2026-09-30T21:57:56.136Z"",""locator"":{""sheet"":""Exp.Imp.(BOP)Arch"",""row"":781,""column"":9,""cell"":""I781""},""rawValue"":5020.045573203479},""balance"":{""artifactId"":""exp_import_BOP.xls:7f8ce136f1e06f8ba6981f9ecb09c98effffe368485f52ccba0c93cb152eb55d:5fb0e377cf3b"",""sourceKey"":""exp_import_BOP.xls"",""retrievedAt"":""2026-09-30T21:57:56.136Z"",""locator"":{""sheet"":""Exp.Imp.(BOP)Arch"",""row"":781,""column"":13,""cell"":""M781""},""rawValue"":-2429.0631292979647}}"
2025-07,5429,2750,-2679,not-stated,,US$ million,"{""exports"":{""artifactId"":""exp_import_BOP.xls:7f8ce136f1e06f8ba6981f9ecb09c98effffe368485f52ccba0c93cb152eb55d:5fb0e377cf3b"",""sourceKey"":""exp_import_BOP.xls"",""retrievedAt"":""2026-09-30T21:57:56.136Z"",""locator"":{""sheet"":""Exp.Imp.(BOP)Arch"",""row"":783,""column"":5,""cell"":""E783""},""rawValue"":2750.012407196279},""imports"":{""artifactId"":""exp_import_BOP.xls:7f8ce136f1e06f8ba6981f9ecb09c98effffe368485f52ccba0c93cb152eb55d:5fb0e377cf3b"",""sourceKey"":""exp_import_BOP.xls"",""retrievedAt"":""2026-09-30T21:57:56.136Z"",""locator"":{""sheet"":""Exp.Imp.(BOP)Arch"",""row"":783,""column"":9,""cell"":""I783""},""rawValue"":5429.0349354247965},""balance"":{""artifactId"":""exp_import_BOP.xls:7f8ce136f1e06f8ba6981f9ecb09c98effffe368485f52ccba0c93cb152eb55d:5fb0e377cf3b"",""sourceKey"":""exp_import_BOP.xls"",""retrievedAt"":""2026-09-30T21:57:56.136Z"",""locator"":{""sheet"":""Exp.Imp.(BOP)Arch"",""row"":783,""column"":13,""cell"":""M783""},""rawValue"":-2679.0225282285173}}"
2025-08,5020,2488,-2532,not-stated,,US$ million,"{""exports"":{""artifactId"":""exp_import_BOP.xls:7f8ce136f1e06f8ba6981f9ecb09c98effffe368485f52ccba0c93cb152eb55d:5fb0e377cf3b"",""sourceKey"":""exp_import_BOP.xls"",""retrievedAt"":""2026-09-30T21:57:56.136Z"",""locator"":{""sheet"":""Exp.Imp.(BOP)Arch"",""row"":784,""column"":5,""cell"":""E784""},""rawValue"":2487.9747073347503},""imports"":{""artifactId"":""exp_import_BOP.xls:7f8ce136f1e06f8ba6981f9ecb09c98effffe368485f52ccba0c93cb152eb55d:5fb0e377cf3b"",""sourceKey"":""exp_import_BOP.xls"",""retrievedAt"":""2026-09-30T21:57:56.136Z"",""locator"":{""sheet"":""Exp.Imp.(BOP)Arch"",""row"":784,""column"":9,""cell"":""I784""},""rawValue"":5020.0444189286445},""balance"":{""artifactId"":""exp_import_BOP.xls:7f8ce136f1e06f8ba6981f9ecb09c98effffe368485f52ccba0c93cb152eb55d:5fb0e377cf3b"",""sourceKey"":""exp_import_BOP.xls"",""retrievedAt"":""2026-09-30T21:57:56.136Z"",""locator"":{""sheet"":""Exp.Imp.(BOP)Arch"",""row"":784,""column"":13,""cell"":""M784""},""rawValue"":-2532.069711593894}}"
2025-09,5040,2609,-2431,not-stated,,US$ million,"{""exports"":{""artifactId"":""exp_import_BOP.xls:7f8ce136f1e06f8ba6981f9ecb09c98effffe368485f52ccba0c93cb152eb55d:5fb0e377cf3b"",""sourceKey"":""exp_import_BOP.xls"",""retrievedAt"":""2026-09-30T21:57:56.136Z"",""locator"":{""sheet"":""Exp.Imp.(BOP)Arch"",""row"":785,""column"":5,""cell"":""E785""},""rawValue"":2609.001165736412},""imports"":{""artifactId"":""exp_import_BOP.xls:7f8ce136f1e06f8ba6981f9ecb09c98effffe368485f52ccba0c93cb152eb55d:5fb0e377cf3b"",""sourceKey"":""exp_import_BOP.xls"",""retrievedAt"":""2026-09-30T21:57:56.136Z"",""locator"":{""sheet"":""Exp.Imp.(BOP)Arch"",""row"":785,""column"":9,""cell"":""I785""},""rawValue"":5040.007446348843},""balance"":{""artifactId"":""exp_import_BOP.xls:7f8ce136f1e06f8ba6981f9ecb09c98effffe368485f52ccba0c93cb152eb55d:5fb0e377cf3b"",""sourceKey"":""exp_import_BOP.xls"",""retrievedAt"":""2026-09-30T21:57:56.136Z"",""locator"":{""sheet"":""Exp.Imp.(BOP)Arch"",""row"":785,""column"":13,""cell"":""M785""},""rawValue"":-2431.0062806124306}}"
2025-10,5396,2632,-2764,not-stated,,US$ million,"{""exports"":{""artifactId"":""exp_import_BOP.xls:7f8ce136f1e06f8ba6981f9ecb09c98effffe368485f52ccba0c93cb152eb55d:5fb0e377cf3b"",""sourceKey"":""exp_import_BOP.xls"",""retrievedAt"":""2026-09-30T21:57:56.136Z"",""locator"":{""sheet"":""Exp.Imp.(BOP)Arch"",""row"":786,""column"":5,""cell"":""E786""},""rawValue"":2632.3655653498713},""imports"":{""artifactId"":""exp_import_BOP.xls:7f8ce136f1e06f8ba6981f9ecb09c98effffe368485f52ccba0c93cb152eb55d:5fb0e377cf3b"",""sourceKey"":""exp_import_BOP.xls"",""retrievedAt"":""2026-09-30T21:57:56.136Z"",""locator"":{""sheet"":""Exp.Imp.(BOP)Arch"",""row"":786,""column"":9,""cell"":""I786""},""rawValue"":5395.984636904518},""balance"":{""artifactId"":""exp_import_BOP.xls:7f8ce136f1e06f8ba6981f9ecb09c98effffe368485f52ccba0c93cb152eb55d:5fb0e377cf3b"",""sourceKey"":""exp_import_BOP.xls"",""retrievedAt"":""2026-09-30T21:57:56.136Z"",""locator"":{""sheet"":""Exp.Imp.(BOP)Arch"",""row"":786,""column"":13,""cell"":""M786""},""rawValue"":-2763.619071554647}}"
2025-11,4730,2277,-2453,not-stated,,US$ million,"{""exports"":{""artifactId"":""exp_import_BOP.xls:7f8ce136f1e06f8ba6981f9ecb09c98effffe368485f52ccba0c93cb152eb55d:5fb0e377cf3b"",""sourceKey"":""exp_import_BOP.xls"",""retrievedAt"":""2026-09-30T21:57:56.136Z"",""locator"":{""sheet"":""Exp.Imp.(BOP)Arch"",""row"":787,""column"":5,""cell"":""E787""},""rawValue"":2277.008457799999},""imports"":{""artifactId"":""exp_import_BOP.xls:7f8ce136f1e06f8ba6981f9ecb09c98effffe368485f52ccba0c93cb152eb55d:5fb0e377cf3b"",""sourceKey"":""exp_import_BOP.xls"",""retrievedAt"":""2026-09-30T21:57:56.136Z"",""locator"":{""sheet"":""Exp.Imp.(BOP)Arch"",""row"":787,""column"":9,""cell"":""I787""},""rawValue"":4730.024641336963},""balance"":{""artifactId"":""exp_import_BOP.xls:7f8ce136f1e06f8ba6981f9ecb09c98effffe368485f52ccba0c93cb152eb55d:5fb0e377cf3b"",""sourceKey"":""exp_import_BOP.xls"",""retrievedAt"":""2026-09-30T21:57:56.136Z"",""locator"":{""sheet"":""Exp.Imp.(BOP)Arch"",""row"":787,""column"":13,""cell"":""M787""},""rawValue"":-2453.016183536964}}"
2025-12,5765,2758,-3007,not-stated,,US$ million,"{""exports"":{""artifactId"":""exp_import_BOP.xls:7f8ce136f1e06f8ba6981f9ecb09c98effffe368485f52ccba0c93cb152eb55d:5fb0e377cf3b"",""sourceKey"":""exp_import_BOP.xls"",""retrievedAt"":""2026-09-30T21:57:56.136Z"",""locator"":{""sheet"":""Exp.Imp.(BOP)Arch"",""row"":788,""column"":5,""cell"":""E788""},""rawValue"":2758.027370529652},""imports"":{""artifactId"":""exp_import_BOP.xls:7f8ce136f1e06f8ba6981f9ecb09c98effffe368485f52ccba0c93cb152eb55d:5fb0e377cf3b"",""sourceKey"":""exp_import_BOP.xls"",""retrievedAt"":""2026-09-30T21:57:56.136Z"",""locator"":{""sheet"":""Exp.Imp.(BOP)Arch"",""row"":788,""column"":9,""cell"":""I788""},""rawValue"":5765.001176260169},""balance"":{""artifactId"":""exp_import_BOP.xls:7f8ce136f1e06f8ba6981f9ecb09c98effffe368485f52ccba0c93cb152eb55d:5fb0e377cf3b"",""sourceKey"":""exp_import_BOP.xls"",""retrievedAt"":""2026-09-30T21:57:56.136Z"",""locator"":{""sheet"":""Exp.Imp.(BOP)Arch"",""row"":788,""column"":13,""cell"":""M788""},""rawValue"":-3006.9738057305167}}"
2026-01,5339,2749,-2590,not-stated,,US$ million,"{""exports"":{""artifactId"":""exp_import_BOP.xls:7f8ce136f1e06f8ba6981f9ecb09c98effffe368485f52ccba0c93cb152eb55d:5fb0e377cf3b"",""sourceKey"":""exp_import_BOP.xls"",""retrievedAt"":""2026-09-30T21:57:56.136Z"",""locator"":{""sheet"":""Exp.Imp.(BOP)Arch"",""row"":789,""column"":5,""cell"":""E789""},""rawValue"":2749.001939069572},""imports"":{""artifactId"":""exp_import_BOP.xls:7f8ce136f1e06f8ba6981f9ecb09c98effffe368485f52ccba0c93cb152eb55d:5fb0e377cf3b"",""sourceKey"":""exp_import_BOP.xls"",""retrievedAt"":""2026-09-30T21:57:56.136Z"",""locator"":{""sheet"":""Exp.Imp.(BOP)Arch"",""row"":789,""column"":9,""cell"":""I789""},""rawValue"":5339.017875932362},""balance"":{""artifactId"":""exp_import_BOP.xls:7f8ce136f1e06f8ba6981f9ecb09c98effffe368485f52ccba0c93cb152eb55d:5fb0e377cf3b"",""sourceKey"":""exp_import_BOP.xls"",""retrievedAt"":""2026-09-30T21:57:56.136Z"",""locator"":{""sheet"":""Exp.Imp.(BOP)Arch"",""row"":789,""column"":13,""cell"":""M789""},""rawValue"":-2590.0159368627897}}"
2026-02,5114,2481,-2633,not-stated,,US$ million,"{""exports"":{""artifactId"":""exp_import_BOP.xls:7f8ce136f1e06f8ba6981f9ecb09c98effffe368485f52ccba0c93cb152eb55d:5fb0e377cf3b"",""sourceKey"":""exp_import_BOP.xls"",""retrievedAt"":""2026-09-30T21:57:56.136Z"",""locator"":{""sheet"":""Exp.Imp.(BOP)Arch"",""row"":790,""column"":5,""cell"":""E790""},""rawValue"":2480.9725182372085},""imports"":{""artifactId"":""exp_import_BOP.xls:7f8ce136f1e06f8ba6981f9ecb09c98effffe368485f52ccba0c93cb152eb55d:5fb0e377cf3b"",""sourceKey"":""exp_import_BOP.xls"",""retrievedAt"":""2026-09-30T21:57:56.136Z"",""locator"":{""sheet"":""Exp.Imp.(BOP)Arch"",""row"":790,""column"":9,""cell"":""I790""},""rawValue"":5113.9657999384535},""balance"":{""artifactId"":""exp_import_BOP.xls:7f8ce136f1e06f8ba6981f9ecb09c98effffe368485f52ccba0c93cb152eb55d:5fb0e377cf3b"",""sourceKey"":""exp_import_BOP.xls"",""retrievedAt"":""2026-09-30T21:57:56.136Z"",""locator"":{""sheet"":""Exp.Imp.(BOP)Arch"",""row"":790,""column"":13,""cell"":""M790""},""rawValue"":-2632.993281701245}}"
2026-03,4857,2528,-2329,not-stated,,US$ million,"{""exports"":{""artifactId"":""exp_import_BOP.xls:7f8ce136f1e06f8ba6981f9ecb09c98effffe368485f52ccba0c93cb152eb55d:5fb0e377cf3b"",""sourceKey"":""exp_import_BOP.xls"",""retrievedAt"":""2026-09-30T21:57:56.136Z"",""locator"":{""sheet"":""Exp.Imp.(BOP)Arch"",""row"":791,""column"":5,""cell"":""E791""},""rawValue"":2528.028274143476},""imports"":{""artifactId"":""exp_import_BOP.xls:7f8ce136f1e06f8ba6981f9ecb09c98effffe368485f52ccba0c93cb152eb55d:5fb0e377cf3b"",""sourceKey"":""exp_import_BOP.xls"",""retrievedAt"":""2026-09-30T21:57:56.136Z"",""locator"":{""sheet"":""Exp.Imp.(BOP)Arch"",""row"":791,""column"":9,""cell"":""I791""},""rawValue"":4856.992344891539},""balance"":{""artifactId"":""exp_import_BOP.xls:7f8ce136f1e06f8ba6981f9ecb09c98effffe368485f52ccba0c93cb152eb55d:5fb0e377cf3b"",""sourceKey"":""exp_import_BOP.xls"",""retrievedAt"":""2026-09-30T21:57:56.136Z"",""locator"":{""sheet"":""Exp.Imp.(BOP)Arch"",""row"":791,""column"":13,""cell"":""M791""},""rawValue"":-2328.9640707480626}}"
2026-04,5989,2619,-3370,not-stated,,US$ million,"{""exports"":{""artifactId"":""exp_import_BOP.xls:7f8ce136f1e06f8ba6981f9ecb09c98effffe368485f52ccba0c93cb152eb55d:5fb0e377cf3b"",""sourceKey"":""exp_import_BOP.xls"",""retrievedAt"":""2026-09-30T21:57:56.136Z"",""locator"":{""sheet"":""Exp.Imp.(BOP)Arch"",""row"":792,""column"":5,""cell"":""E792""},""rawValue"":2619.007336599848},""imports"":{""artifactId"":""exp_import_BOP.xls:7f8ce136f1e06f8ba6981f9ecb09c98effffe368485f52ccba0c93cb152eb55d:5fb0e377cf3b"",""sourceKey"":""exp_import_BOP.xls"",""retrievedAt"":""2026-09-30T21:57:56.136Z"",""locator"":{""sheet"":""Exp.Imp.(BOP)Arch"",""row"":792,""column"":9,""cell"":""I792""},""rawValue"":5989.006755921247},""balance"":{""artifactId"":""exp_import_BOP.xls:7f8ce136f1e06f8ba6981f9ecb09c98effffe368485f52ccba0c93cb152eb55d:5fb0e377cf3b"",""sourceKey"":""exp_import_BOP.xls"",""retrievedAt"":""2026-09-30T21:57:56.136Z"",""locator"":{""sheet"":""Exp.Imp.(BOP)Arch"",""row"":792,""column"":13,""cell"":""M792""},""rawValue"":-3369.999419321399}}"
2026-05,5640,2357,-3283,not-stated,,US$ million,"{""exports"":{""artifactId"":""exp_import_BOP.xls:7f8ce136f1e06f8ba6981f9ecb09c98effffe368485f52ccba0c93cb152eb55d:5fb0e377cf3b"",""sourceKey"":""exp_import_BOP.xls"",""retrievedAt"":""2026-09-30T21:57:56.136Z"",""locator"":{""sheet"":""Exp.Imp.(BOP)Arch"",""row"":793,""column"":5,""cell"":""E793""},""rawValue"":2356.9566412253726},""imports"":{""artifactId"":""exp_import_BOP.xls:7f8ce136f1e06f8ba6981f9ecb09c98effffe368485f52ccba0c93cb152eb55d:5fb0e377cf3b"",""sourceKey"":""exp_import_BOP.xls"",""retrievedAt"":""2026-09-30T21:57:56.136Z"",""locator"":{""sheet"":""Exp.Imp.(BOP)Arch"",""row"":793,""column"":9,""cell"":""I793""},""rawValue"":5639.773667076334},""balance"":{""artifactId"":""exp_import_BOP.xls:7f8ce136f1e06f8ba6981f9ecb09c98effffe368485f52ccba0c93cb152eb55d:5fb0e377cf3b"",""sourceKey"":""exp_import_BOP.xls"",""retrievedAt"":""2026-09-30T21:57:56.136Z"",""locator"":{""sheet"":""Exp.Imp.(BOP)Arch"",""row"":793,""column"":13,""cell"":""M793""},""rawValue"":-3282.8170258509617}}"
2026-06,6152,2573,-3579,not-stated,,US$ million,"{""exports"":{""artifactId"":""exp_import_BOP.xls:7f8ce136f1e06f8ba6981f9ecb09c98effffe368485f52ccba0c93cb152eb55d:5fb0e377cf3b"",""sourceKey"":""exp_import_BOP.xls"",""retrievedAt"":""2026-09-30T21:57:56.136Z"",""locator"":{""sheet"":""Exp.Imp.(BOP)Arch"",""row"":794,""column"":5,""cell"":""E794""},""rawValue"":2572.9692960596176},""imports"":{""artifactId"":""exp_import_BOP.xls:7f8ce136f1e06f8ba6981f9ecb09c98effffe368485f52ccba0c93cb152eb55d:5fb0e377cf3b"",""sourceKey"":""exp_import_BOP.xls"",""retrievedAt"":""2026-09-30T21:57:56.136Z"",""locator"":{""sheet"":""Exp.Imp.(BOP)Arch"",""row"":794,""column"":9,""cell"":""I794""},""rawValue"":6152.042202922473},""balance"":{""artifactId"":""exp_import_BOP.xls:7f8ce136f1e06f8ba6981f9ecb09c98effffe368485f52ccba0c93cb152eb55d:5fb0e377cf3b"",""sourceKey"":""exp_import_BOP.xls"",""retrievedAt"":""2026-09-30T21:57:56.136Z"",""locator"":{""sheet"":""Exp.Imp.(BOP)Arch"",""row"":794,""column"":13,""cell"":""M794""},""rawValue"":-3579.0729068628552}}"
2026-07,6149,2985,-3164,revised,R,US$ million,"{""exports"":{""artifactId"":""exp_import_BOP.xls:7f8ce136f1e06f8ba6981f9ecb09c98effffe368485f52ccba0c93cb152eb55d:5fb0e377cf3b"",""sourceKey"":""exp_import_BOP.xls"",""retrievedAt"":""2026-09-30T21:57:56.136Z"",""locator"":{""sheet"":""Exp.Imp.(BOP)Arch"",""row"":796,""column"":5,""cell"":""E796""},""rawValue"":2985.0267170427405},""imports"":{""artifactId"":""exp_import_BOP.xls:7f8ce136f1e06f8ba6981f9ecb09c98effffe368485f52ccba0c93cb152eb55d:5fb0e377cf3b"",""sourceKey"":""exp_import_BOP.xls"",""retrievedAt"":""2026-09-30T21:57:56.136Z"",""locator"":{""sheet"":""Exp.Imp.(BOP)Arch"",""row"":796,""column"":9,""cell"":""I796""},""rawValue"":6149.0333189179555},""balance"":{""artifactId"":""exp_import_BOP.xls:7f8ce136f1e06f8ba6981f9ecb09c98effffe368485f52ccba0c93cb152eb55d:5fb0e377cf3b"",""sourceKey"":""exp_import_BOP.xls"",""retrievedAt"":""2026-09-30T21:57:56.136Z"",""locator"":{""sheet"":""Exp.Imp.(BOP)Arch"",""row"":796,""column"":13,""cell"":""M796""},""rawValue"":-3164.006601875215}}"
2026-08,5486,2460,-3026,provisional,P,US$ million,"{""exports"":{""artifactId"":""exp_import_BOP.xls:7f8ce136f1e06f8ba6981f9ecb09c98effffe368485f52ccba0c93cb152eb55d:5fb0e377cf3b"",""sourceKey"":""exp_import_BOP.xls"",""retrievedAt"":""2026-09-30T21:57:56.136Z"",""locator"":{""sheet"":""Exp.Imp.(BOP)Arch"",""row"":797,""column"":5,""cell"":""E797""},""rawValue"":2459.990466585607},""imports"":{""artifactId"":""exp_import_BOP.xls:7f8ce136f1e06f8ba6981f9ecb09c98effffe368485f52ccba0c93cb152eb55d:5fb0e377cf3b"",""sourceKey"":""exp_import_BOP.xls"",""retrievedAt"":""2026-09-30T21:57:56.136Z"",""locator"":{""sheet"":""Exp.Imp.(BOP)Arch"",""row"":797,""column"":9,""cell"":""I797""},""rawValue"":5485.962856116705},""balance"":{""artifactId"":""exp_import_BOP.xls:7f8ce136f1e06f8ba6981f9ecb09c98effffe368485f52ccba0c93cb152eb55d:5fb0e377cf3b"",""sourceKey"":""exp_import_BOP.xls"",""retrievedAt"":""2026-09-30T21:57:56.136Z"",""locator"":{""sheet"":""Exp.Imp.(BOP)Arch"",""row"":797,""column"":13,""cell"":""M797""},""rawValue"":-3025.9723895310976}}"
